merchant_id,classify_id,parent_id,classify_name,sort,status,enable_status,classify_type_tag,goods_count,create_time,update_time
4239,352024,0,【🐦深夜烧鸟🐦】,46,1,1,1,35,2026-04-10 15:06:05,2026-04-22 00:44:49
4239,332510,0,☀️营业时间☀️,45,1,1,1,1,2025-04-01 11:46:26,2026-04-19 22:39:57
4239,248361,0,【福利官】,44,1,1,1,1,2023-09-18 13:59:08,2026-03-02 22:33:26
4239,121051,0,『每月新品推介』,43,1,1,1,6,2022-09-26 19:52:59,2025-09-24 22:30:13
4239,121049,0,【营养滑蛋】,40,1,1,1,8,2022-09-26 19:48:21,2025-09-24 22:30:18
4239,7743,0,鲨哥碟头饭,35,1,1,1,13,2020-09-09 20:49:48,2025-09-24 22:30:22
4239,7870,0,鲨哥焗（饭/意粉）类,29,1,1,1,4,2020-09-10 18:56:07,2025-09-24 22:30:26
4239,7869,0,鲨哥炒（饭/粉）类,27,1,1,1,11,2020-09-10 18:37:32,2025-09-24 22:30:30
4239,7996,0,叻沙/冬荫功/番茄浓汤,17,1,1,1,4,2020-09-11 10:50:00,2025-09-24 22:30:34
4239,8545,0,土豪加料区,15,1,1,1,12,2020-09-15 23:26:23,2025-09-24 22:30:38
4239,7951,0,鲨哥捞丁,14,1,1,1,2,2020-09-11 01:17:57,2025-09-24 22:30:42
4239,7742,0,鲨哥汤丁,13,1,1,1,3,2020-09-09 20:47:59,2025-09-24 22:30:46
4239,109229,0,例牌小炒,10,1,1,1,3,2022-08-17 13:28:26,2025-09-24 22:31:17
4239,8007,0,惹味小食,9,1,1,1,17,2020-09-11 12:13:46,2025-09-24 22:30:49
4239,8003,0,鲨哥茶档,6,1,1,1,12,2020-09-11 11:28:09,2025-09-24 22:30:53
81093,324277,0,汤粉/饭/粥套餐,23,1,1,1,49,2024-09-27 08:42:24,2024-12-12 11:05:05
81093,328294,0,汤粉/饭/粥加料区,22,1,1,1,25,2024-12-09 16:10:45,2024-12-12 11:05:00
81093,320846,0,超值加量,20,1,1,1,10,2024-08-26 16:59:55,2024-12-09 16:12:44
81093,320847,0,插翅难逃,19,1,1,1,7,2024-08-26 17:00:14,2024-12-09 16:12:41
81093,319972,0,小吃,17,1,1,1,22,2024-08-20 07:54:22,2024-12-09 16:12:36
81093,324539,0,酱料不够请点我,14,1,1,1,1,2024-10-02 12:12:22,2024-12-09 16:12:30
81093,328295,0,调料区,0,1,1,1,5,2024-12-09 16:11:04,2024-12-09 16:11:04
81093,320848,0,生滚粥,0,1,1,1,28,2024-08-26 17:01:29,2025-05-29 17:10:28
81089,332736,0,🔥小馋猫风味炒鸡,150,1,1,1,3,2025-04-03 15:20:26,2025-10-20 23:01:38
81089,333325,0,🔥风味炒鸡拌面,145,1,1,1,3,2025-04-17 23:13:38,2025-10-20 23:01:50
81089,319913,0,招牌汤豆腐,132,1,1,1,4,2024-08-17 14:16:17,2025-10-10 23:26:40
81089,319907,0,烤冷面,131,1,1,1,24,2024-08-17 14:14:15,2025-10-10 23:26:30
81089,319912,0,长沙臭豆腐,105,1,1,1,3,2024-08-17 14:15:45,2025-04-13 20:53:09
81089,319914,0,手抓饼,95,1,1,1,23,2024-08-17 14:17:11,2025-04-13 20:44:51
81089,319909,0,鸡蛋仔,90,1,1,1,9,2024-08-17 14:14:42,2025-04-13 20:45:01
81089,326617,0,经典小吃,85,1,1,1,8,2024-10-29 18:06:51,2025-04-13 20:51:21
81089,319917,0,面条类,75,1,1,1,11,2024-08-17 14:57:16,2025-04-14 00:23:01
81089,319910,0,铁板煎,70,1,1,1,1,2024-08-17 14:14:58,2025-04-14 00:23:08
81089,332913,0,炒鸡加料区（加在风味炒鸡）,65,1,1,1,11,2025-04-11 00:04:36,2025-04-18 00:09:27
81089,322063,0,饮料🥤,60,1,1,1,8,2024-09-08 11:17:32,2025-04-14 00:23:37
81089,321123,0,精品套餐,55,1,1,1,4,2024-08-30 10:47:01,2025-04-13 20:48:57
81089,319919,0,小料（加在烤冷面或者手抓饼）,30,1,1,1,12,2024-08-17 23:24:56,2025-04-14 00:42:31
26642,46768,0,可预订,43,1,1,1,2,2021-08-27 19:54:22,2023-03-29 21:24:21
26642,55326,0,新品,42,1,1,1,4,2021-10-19 13:58:39,2023-03-29 21:24:19
26642,45528,0,肠粉,40,1,1,1,26,2021-08-17 12:03:03,2022-02-27 20:25:37
26642,45535,0,豆浆包子,38,1,1,1,29,2021-08-17 12:36:19,2022-02-27 20:25:29
26642,50925,0,套餐,28,1,1,1,10,2021-09-23 23:22:28,2021-10-23 08:37:08
26642,45534,0,养生粥,27,1,1,1,13,2021-08-17 12:24:27,2022-02-27 20:26:14
26642,47733,0,肠粉加料区,5,1,1,1,13,2021-09-03 16:35:40,2021-09-03 16:54:05
67599,335614,0,❤️温馨提示,11,1,1,1,1,2025-08-18 17:45:58,2026-04-26 11:10:29
67599,335563,0,🎁单人热狗套餐（优惠进行中）,9,1,1,1,1,2025-07-25 14:41:22,2026-03-05 19:53:46
67599,335564,0,🎁双人【热狗套餐】（优惠进行中）,8,1,1,1,1,2025-07-25 14:42:12,2026-03-05 19:53:54
67599,335565,0,🎁双人【热狗+汉堡套餐】（优惠进行中）,7,1,1,1,1,2025-07-25 14:44:21,2026-03-05 19:54:07
67599,335566,0,🌭热狗单选,6,1,1,1,10,2025-07-25 14:45:33,2026-03-05 19:53:22
67599,335587,0,🍔汉堡单选,5,1,1,1,8,2025-08-12 22:30:40,2026-03-02 17:37:09
67599,335567,0,🍟小食,4,1,1,1,15,2025-07-25 14:46:08,2026-03-02 17:36:43
67599,335568,0,👉饮料,3,1,1,1,3,2025-07-25 14:47:01,2026-03-02 17:36:37
67599,338677,0,👉加料区,2,1,1,1,7,2025-09-08 20:05:13,2026-03-02 17:36:30
67599,335569,0,❤️联系我们,1,1,1,1,1,2025-07-25 14:47:39,2026-03-02 17:36:21
32448,315969,0,🍔温馨提示（提前下单，送达更快）,11,1,1,1,1,2024-02-28 21:48:02,2026-04-26 11:11:03
32448,341311,0,🍔🍔“特惠”专区,10,1,1,1,2,2025-09-29 20:37:38,2026-03-08 12:14:49
32448,335574,0,🎁单人套餐（优惠进行中）,9,1,1,1,1,2025-08-03 16:36:56,2026-03-04 22:40:20
32448,335575,0,🎁多人套餐（优惠进行中）,8,1,1,1,3,2025-08-03 16:37:26,2026-03-04 22:40:25
32448,68492,0,🍔汉堡单选,7,1,1,1,16,2022-01-05 23:14:51,2026-03-04 22:40:12
32448,68494,0,🍟小食区,6,1,1,1,16,2022-01-05 23:48:21,2026-03-02 12:36:43
32448,68495,0,🍔加料区,5,1,1,1,8,2022-01-06 00:04:57,2026-03-02 12:36:38
32448,68496,0,🍔饮料,4,1,1,1,3,2022-01-06 00:09:27,2026-03-02 12:36:33
32448,141684,0,🍔敢于亮相材料【好材料决定好品质】,3,1,1,1,2,2022-12-01 10:14:55,2026-03-02 12:36:27
32448,328139,0,🍔欢迎团购,2,1,1,1,3,2024-12-04 07:09:56,2026-03-02 12:34:28
32448,129156,0,🍔联系我们,1,1,1,1,2,2022-10-18 13:28:42,2026-03-02 12:34:23
49224,150617,0,公告,24,1,1,1,3,2023-02-06 15:44:05,2025-04-06 17:09:24
49224,150612,0,口味选择（只选其一）,21,1,1,1,6,2023-02-06 15:44:05,2023-08-14 15:38:31
49224,150616,0,冒菜套餐,20,1,1,1,19,2023-02-06 15:44:05,2023-08-14 15:50:36
49224,150611,0,荤菜,19,1,1,1,29,2023-02-06 15:44:05,2023-08-14 15:38:29
49224,150610,0,丸子,18,1,1,1,23,2023-02-06 15:44:05,2023-08-14 15:38:28
49224,150608,0,素菜,17,1,1,1,41,2023-02-06 15:44:05,2023-08-14 15:38:27
49224,150609,0,主食,16,1,1,1,11,2023-02-06 15:44:05,2023-08-14 15:38:26
49224,150613,0,冒菜小料专区,13,1,1,1,13,2023-02-06 15:44:05,2023-08-14 15:56:55
49224,234136,0,饮料,0,1,1,1,6,2023-09-01 17:16:22,2023-09-01 17:16:22
82210,351896,0,公告,10,1,1,1,1,2026-04-02 20:42:50,2026-04-04 14:13:51
82210,351894,0,口味选择,9,1,1,1,3,2026-04-02 18:21:32,2026-04-04 14:13:56
82210,351895,0,套餐系列❤️‍🔥,8,1,1,1,8,2026-04-02 20:20:22,2026-04-04 14:14:18
82210,351913,0,🥩精选肉类🥩,7,1,1,1,12,2026-04-04 14:11:25,2026-04-04 14:14:22
82210,351908,0,🍗经典荤菜🍗,6,1,1,1,14,2026-04-04 09:59:30,2026-04-04 14:14:26
82210,351909,0,🍡特色丸子🍡,5,1,1,1,24,2026-04-04 10:16:12,2026-04-04 14:14:34
82210,351910,0,🥬健康素菜🥗,4,1,1,1,33,2026-04-04 10:20:18,2026-04-04 14:14:38
82210,351914,0,🍜主食🍚,3,1,1,1,9,2026-04-04 14:12:29,2026-04-04 14:14:52
82210,351911,0,🧂加料区🧂,2,1,1,1,4,2026-04-04 10:21:32,2026-04-04 10:26:10
82210,351912,0,🍹饮料,1,1,1,1,7,2026-04-04 10:25:15,2026-04-04 10:26:46
37012,333067,0,新品,114,1,1,1,8,2025-04-14 11:45:10,2026-03-15 10:49:18
37012,133605,0,汤圆系列,113,1,1,1,4,2022-11-01 20:29:24,2026-03-03 10:19:39
37012,344475,0,痛经宝,110,1,1,1,2,2025-11-08 13:41:59,2025-11-08 13:42:11
37012,154147,0,活动区,108,1,1,1,5,2023-02-17 13:02:36,2025-02-18 19:20:54
37012,89960,0,双皮奶,107,1,1,1,4,2022-05-03 15:49:03,2025-02-18 19:20:52
37012,89958,0,凉茶,106,1,1,1,19,2022-05-03 15:48:45,2025-02-18 19:20:50
37012,89959,0,龟苓膏,105,1,1,1,3,2022-05-03 15:48:57,2025-02-18 19:20:49
37012,90017,0,芋圆：仙草系列,102,1,1,1,5,2022-05-03 16:31:40,2025-02-18 19:20:38
37012,90031,0,岭南滋养甜品,101,1,1,1,11,2022-05-03 16:32:17,2025-02-18 19:20:32
37012,90034,0,草本糖水,100,1,1,1,3,2022-05-03 16:32:51,2025-02-18 19:20:31
37012,140826,0,双人套餐,99,1,1,1,3,2022-11-24 17:29:05,2025-02-18 19:20:27
37012,90030,0,鲜果甜品,98,1,1,1,7,2022-05-03 16:31:56,2025-02-18 19:20:22
37012,95172,0,特惠区,97,1,1,1,9,2022-05-23 21:56:04,2025-02-18 19:20:19
37012,137223,0,美滋滋新品,96,1,1,1,3,2022-11-12 15:10:50,2025-02-18 19:20:15
37012,90033,0,小食类,95,1,1,1,15,2022-05-03 16:32:36,2025-02-18 19:20:04
37012,92500,0,加料区,94,1,1,1,8,2022-05-11 12:56:18,2025-02-18 19:20:00
37012,90032,0,饮品,93,1,1,1,9,2022-05-03 16:32:24,2025-02-18 19:19:54
4353,8713,0,炒酸奶,3917,1,1,1,13,2020-09-17 13:38:55,2026-04-26 21:58:23
4353,352057,0,蓝莓🫐（活动价）,3916,1,1,1,7,2026-04-12 10:08:43,2026-04-19 21:08:58
4353,154065,0,鲜草莓饮品🍓,3915,1,1,1,4,2023-02-16 23:28:34,2026-04-19 17:20:31
4353,250486,0,鲜牛油果饮品🥑,3912,1,1,1,6,2023-09-21 11:42:01,2026-04-19 20:41:25
4353,352301,0,鲜芒果饮品🥭,3911,1,1,1,6,2026-04-18 17:21:27,2026-04-20 01:21:28
4353,8139,0,鲜果酸奶奶昔,3911,1,1,1,18,2020-09-12 00:03:45,2026-03-31 12:41:18
4353,319002,0,鲜榨果汁🍉,3909,1,1,1,15,2024-06-13 21:03:16,2026-04-19 18:14:27
4353,8144,0,牛乳 奶茶,3907,1,1,1,22,2020-09-12 00:05:11,2026-03-22 16:05:28
4353,253691,0,🍓鲜果益力多,3904,1,1,1,6,2023-09-26 02:43:30,2026-04-20 02:32:54
4353,350224,0,手打柠檬茶,3896,1,1,1,18,2026-03-12 16:35:18,2026-04-01 17:23:36
4353,341820,0,双皮奶仙草冻,3887,1,1,1,8,2025-10-07 23:03:58,2026-04-13 17:44:11
4353,47665,0,冬至汤圆甜品,3867,1,1,1,17,2021-09-02 23:54:04,2026-03-22 12:08:43
4353,8974,0,自选酸奶水果捞,3866,1,1,1,3,2020-09-20 05:30:08,2026-04-10 18:57:34
4353,351953,0,冰镇西瓜🍉,3849,1,1,1,12,2026-04-07 20:35:44,2026-04-10 18:56:23
4353,172954,0,三养火鸡面,3848,1,1,1,6,2023-03-31 14:15:34,2026-01-07 02:01:21
4353,322102,0,手抓饼鱼蛋车仔面,3847,1,1,1,14,2024-09-08 20:57:52,2026-03-22 12:23:12
4353,167554,0,烤肠小吃,3846,1,1,1,7,2023-03-19 18:07:55,2026-03-23 00:26:15
4353,325914,0,小料专区,3702,1,1,1,10,2024-10-15 15:28:06,2026-03-11 14:17:49
4351,29271,0,潮汕粿条风味🍓,547,1,1,1,9,2021-04-01 18:01:10,2026-01-01 17:03:49
4351,8247,0,牛杂腩粉/面类❤️,546,1,1,1,5,2020-09-12 22:12:09,2025-10-10 00:46:34
4351,8248,0,牛杂腩小吃,545,1,1,1,10,2020-09-12 22:12:21,2025-10-10 00:46:32
4351,8249,0,潮汕牛肉丸,544,1,1,1,5,2020-09-12 22:12:34,2025-10-10 00:46:30
4351,341935,0,有泡面套装,543,1,1,1,2,2025-10-10 00:46:20,2025-11-02 01:25:16
4351,111154,0,鱼蛋车仔面,501,1,1,1,5,2022-08-25 15:41:03,2025-10-30 23:14:34
4351,8250,0,加料区(不能单买加料谢谢),490,1,1,1,9,2020-09-12 22:13:21,2025-10-08 01:34:40
4351,11491,0,酱料区,489,1,1,1,7,2020-10-18 14:13:10,2025-09-10 00:50:02
4351,316345,0,烤肠小吃,488,1,1,1,6,2024-02-29 21:36:03,2026-03-13 16:53:30
4351,163726,0,炒酸奶,488,1,1,1,13,2023-03-09 20:01:29,2026-04-12 10:07:07
4351,316344,0,饮品区,487,1,1,1,21,2024-02-29 21:35:17,2025-10-10 00:24:04
4351,325805,0,清爽鲜果茶🍃,486,1,1,1,14,2024-10-14 02:03:18,2026-03-17 14:09:02
4351,325788,0,鲜水果牛奶冰,484,1,1,1,5,2024-10-13 21:09:03,2026-04-16 00:11:35
4351,322077,0,水果捞,482,1,1,1,5,2024-09-08 18:30:35,2025-12-25 16:15:07
4351,319359,0,汤圆甜品,478,1,1,1,6,2024-06-16 19:52:54,2026-03-28 09:53:22
4350,77711,0,活动价,196,1,1,1,19,2022-03-10 13:25:45,2026-03-21 18:52:03
4350,345448,0,新品蛋包芝士火鸡面,195,1,1,1,4,2025-12-05 20:25:11,2026-03-21 18:53:08
4350,8148,0,煎饼果子,193,1,1,1,15,2020-09-12 00:16:32,2025-04-18 12:33:48
4350,139437,0,韩国三养火鸡面,192,1,1,1,7,2022-11-18 19:20:05,2025-12-09 00:09:57
4350,123899,0,台湾手抓饼,187,1,1,1,19,2022-10-05 19:38:08,2024-11-04 00:56:02
4350,157343,0,东北烤冷面,186,1,1,1,21,2023-02-24 17:24:19,2024-11-04 00:55:53
4350,8149,0,加料区,185,1,1,1,35,2020-09-12 00:22:05,2024-11-04 00:55:37
4350,8150,0,胡辣汤煎饼套餐,184,1,1,1,15,2020-09-12 00:22:46,2024-11-04 00:55:24
4350,324273,0,卤牛肉瘦肉鸡胸肉煎饼,176,1,1,1,6,2024-09-27 00:22:37,2026-04-16 23:41:23
4350,163953,0,车仔面营多捞面,175,1,1,1,20,2023-03-10 13:09:36,2025-12-05 00:40:25
4350,345590,0,沙拉煎饼,171,1,1,1,8,2025-12-08 23:30:20,2025-12-08 23:31:27
4350,325248,0,拉面公仔面一丁汤面,171,1,1,1,20,2024-10-10 13:38:37,2025-12-09 01:57:45
4350,320340,0,低脂营养汤,170,1,1,1,7,2024-08-23 20:52:07,2024-10-10 13:58:02
4350,8151,0,优惠套餐,143,1,1,1,13,2020-09-12 00:23:11,2024-09-10 15:13:36
4350,24268,0,绿豆沙套餐,129,1,1,1,10,2021-03-09 16:12:55,2024-09-10 15:06:22
4350,115646,0,油条豆浆煎饼套餐,128,1,1,1,3,2022-09-08 23:22:13,2024-09-10 15:06:21
4350,10742,0,免费酱料和青菜,102,1,1,1,15,2020-10-08 15:07:29,2024-08-18 23:00:43
4350,12417,0,饮品区,73,1,1,1,37,2020-10-31 18:20:47,2024-10-14 01:29:11
4350,318423,0,炒酸奶,72,1,1,1,13,2024-05-02 12:23:27,2024-08-18 22:58:07
4350,319340,0,水果捞🍉🥭,70,1,1,1,4,2024-06-16 19:18:43,2026-04-21 14:22:03
4350,318497,0,冬至汤圆甜品,69,1,1,1,8,2024-05-08 20:54:07,2026-04-21 17:08:06
61841,345095,0,新品,167,1,1,1,7,2025-11-27 19:58:15,2026-03-21 21:38:39
61841,351226,0,第二杯半价,166,1,1,1,3,2026-03-21 21:38:31,2026-03-21 21:38:35
61841,345583,0,薄荷家族,164,1,1,1,2,2025-12-08 14:16:07,2026-03-09 11:52:31
61841,206970,0,清爽·果茶,160,1,1,1,11,2023-06-26 15:27:44,2025-09-17 00:58:15
61841,206969,0,人气·奶茶,159,1,1,1,8,2023-06-26 15:26:36,2025-09-17 00:58:12
61841,206973,0,大桶·1L,158,1,1,1,7,2023-06-26 15:28:50,2025-09-17 00:58:09
61841,264742,0,低卡·轻乳,125,1,1,1,3,2023-10-12 01:58:34,2025-08-23 16:37:20
61841,206975,0,提神·咖啡,104,1,1,1,4,2023-06-26 15:29:42,2024-10-23 14:31:02
61841,206974,0,纯茶·奶盖,3,1,1,1,4,2023-06-26 15:29:16,2025-09-17 02:48:15
61841,339584,0,零食·铺子,2,1,1,1,10,2025-09-17 02:47:27,2025-09-17 02:48:19
61841,206976,0,小料·专区,1,1,1,1,10,2023-06-26 15:29:58,2025-09-17 02:48:12
61841,223895,0,须知·发票,0,1,1,1,3,2023-08-22 11:51:07,2025-08-23 16:38:41
84574,342065,0,重要通知,21,1,1,1,2,2025-10-12 14:56:32,2026-03-13 11:02:22
84574,342044,0,🍓虾滑招牌套餐💖—💖,19,1,1,1,9,2025-10-12 13:46:32,2026-03-13 11:02:43
84574,345599,0,🌹Uic古羹土豆粉（不含饭）,18,1,1,1,6,2025-12-09 20:21:59,2026-03-13 11:02:55
84574,345597,0,🌷虾滑双拼套餐饭,15,1,1,1,7,2025-12-09 20:09:15,2026-03-13 11:02:02
84574,345021,0,🌹酸菜豆腐鱼,14,1,1,1,2,2025-11-24 22:28:33,2026-03-13 11:03:26
84574,342259,0,🦀免费调料区🌹—🌹,13,1,1,1,5,2025-10-14 14:58:18,2026-03-15 14:13:32
84574,342069,0,🌺【自选区】记得点锅底哦🦀🌹—🌹🌹）,13,1,1,1,25,2025-10-12 15:09:52,2026-03-13 11:03:31
84574,347863,0,🍺饮料,10,1,1,1,2,2026-03-02 20:54:52,2026-03-22 09:29:38
80640,315647,0,炒饭,35,1,1,1,23,2024-02-17 15:53:11,2026-04-19 22:52:34
80640,315648,0,炒粉,30,1,1,1,9,2024-02-17 15:53:11,2026-04-19 22:52:28
80640,315993,0,例汤,25,1,1,1,1,2024-02-29 10:43:11,2026-04-19 22:52:20
80640,319973,0,小吃,20,1,1,1,10,2024-08-20 17:44:51,2026-04-19 22:51:49
80640,328726,0,精品套餐,15,1,1,1,20,2025-02-17 21:24:07,2026-01-01 13:15:00
80640,315649,0,加料,10,1,1,1,13,2024-02-17 15:53:11,2026-04-19 22:51:28
80640,328619,0,饮料,5,1,1,1,8,2025-02-11 10:47:25,2026-04-19 22:51:36
80636,315960,0,花甲粉,50,1,1,1,11,2024-02-28 17:46:41,2026-04-19 23:03:45
80636,315684,0,砂锅米线口味,46,1,1,1,2,2024-02-17 23:50:19,2026-04-19 23:04:13
80636,315644,0,砂锅米线,45,1,1,1,8,2024-02-17 15:39:11,2026-04-19 23:02:33
80636,317708,0,加料区,35,1,1,1,23,2024-03-24 19:00:21,2026-04-19 23:06:03
80636,334371,0,经典小吃,30,1,1,1,9,2025-05-07 19:05:27,2026-04-19 23:03:04
80636,328727,0,饮料,25,1,1,1,8,2025-02-17 23:46:58,2026-04-19 23:03:10
80636,316346,0,公告,0,1,1,1,5,2024-02-29 22:10:49,2024-02-29 22:10:49
83057,334315,0,1,0,1,1,1,1,2025-05-06 10:28:52,2025-05-06 10:28:54
80858,340329,0,煲仔饭,8,1,1,1,14,2025-09-23 01:13:33,2026-03-19 15:36:34
80858,340330,0,加料,6,1,1,1,3,2025-09-23 02:07:21,2026-04-05 21:20:32
80858,341509,0,饮品,0,1,1,1,3,2025-10-05 00:29:02,2026-04-05 21:20:36
28113,51038,0,肉类,61,1,1,1,19,2021-09-24 18:09:20,2026-03-15 20:22:23
28113,51401,0,素菜类,60,1,1,1,14,2021-09-26 17:10:15,2026-03-15 20:22:27
28113,335289,0,请选择     香菜辣度,58,1,1,1,6,2025-07-03 12:56:44,2026-03-15 20:22:31
28113,128137,0,饭土豆粉,56,1,1,1,5,2022-10-16 03:57:34,2026-03-16 06:35:30
28113,248239,0,卤汁捞面,44,1,1,1,5,2023-09-18 07:53:02,2026-04-14 21:46:53
28113,242467,0,手作云吞,43,1,1,1,11,2023-09-10 18:48:44,2026-03-15 13:37:08
28113,242468,0,手作水饺,40,1,1,1,9,2023-09-10 18:48:57,2026-03-15 13:37:11
28113,304402,0,加热,0,1,1,1,1,2023-12-25 12:10:39,2026-03-15 20:23:06
4236,71692,0,我想对你说😘,113,1,1,1,7,2022-02-17 18:53:44,2026-01-09 18:18:10
4236,7754,0,招牌🌹糊辣壳系列😍,112,1,1,1,11,2020-09-09 22:31:27,2026-01-09 18:18:08
4236,50297,0,🤓经典香辣味,111,1,1,1,11,2021-09-19 21:57:42,2026-01-09 18:18:05
4236,7757,0,重庆特色抄手😍,110,1,1,1,8,2020-09-09 23:12:25,2026-01-09 18:18:03
4236,7755,0,😃重庆酸辣粉,109,1,1,1,8,2020-09-09 23:12:03,2026-01-09 18:17:50
4236,7756,0,精品手工水饺🥰,108,1,1,1,7,2020-09-09 23:12:17,2026-01-09 18:17:48
4236,351875,0,汤饺口味选择,107,1,1,1,7,2026-04-01 19:46:52,2026-04-01 19:48:07
4236,131995,0,水饺调料区🥰,107,1,1,1,6,2022-10-27 12:26:48,2026-01-09 18:17:44
4236,7758,0,😋小吃💗💗,106,1,1,1,5,2020-09-09 23:12:44,2026-01-09 18:17:37
4245,330011,0,恰巴塔,263,1,1,1,4,2025-02-26 16:48:14,2026-04-21 15:14:19
4245,352410,0,超级牛油果🥑,262,1,1,1,3,2026-04-21 15:14:10,2026-04-21 15:14:16
4245,351001,0,白糯米·酸奶,260,1,1,1,5,2026-03-17 13:17:33,2026-03-17 13:17:38
4245,347372,0,雪域藏茶,258,1,1,1,5,2026-02-25 14:27:33,2026-03-12 22:13:44
4245,317677,0,招牌·豆腐,256,1,1,1,6,2024-03-20 16:46:00,2026-03-12 22:13:38
4245,345791,0,草莓熟了🍓,252,1,1,1,1,2025-12-19 10:29:04,2026-03-12 22:13:24
4245,8594,0,缤纷·果茶,250,1,1,1,9,2020-09-16 12:30:16,2026-03-12 11:56:10
4245,343579,0,泰式·红茶,247,1,1,1,8,2025-10-21 08:56:12,2026-03-04 18:39:26
4245,347428,0,鲜·咖啡,243,1,1,1,5,2026-02-27 15:31:59,2026-03-04 18:39:07
4245,163250,0,港澳鸡蛋仔,241,1,1,1,27,2023-03-08 19:21:10,2026-03-04 18:38:58
4245,333342,0,开心2.0,227,1,1,1,4,2025-04-18 09:09:45,2025-09-08 20:49:54
4245,8591,0,雾鲜·手作,224,1,1,1,7,2020-09-16 12:28:58,2025-09-08 20:49:46
4245,221586,0,原叶·轻乳,220,1,1,1,4,2023-08-17 16:29:40,2025-09-08 20:49:33
4245,335824,0,霸王杯,209,1,1,1,5,2025-08-25 23:22:26,2025-09-08 20:48:50
4245,221928,0,忌廉·雪顶,195,1,1,1,3,2023-08-18 10:59:20,2025-09-08 20:47:06
4245,332815,0,夏日·碎碎冰,176,1,1,1,2,2025-04-07 20:25:28,2025-08-25 23:23:07
4245,330325,0,桑葚·芭乐,151,1,1,1,4,2025-03-06 11:24:41,2025-08-22 17:24:00
4245,8597,0,雾鲜·小料,81,1,1,1,9,2020-09-16 12:30:51,2025-01-27 17:17:19
4245,85973,0,公告,78,1,1,1,2,2022-04-14 20:02:01,2024-06-02 08:43:47
4245,150620,0,海盐·奶玉,14,1,1,1,3,2023-02-06 16:06:43,2024-10-02 18:21:53
4245,233867,0,原叶·冰萃,0,1,1,1,2,2023-09-01 14:53:09,2025-08-22 17:23:23
86020,351151,0,❤营养蒸笼饭❤,8,1,1,1,18,2026-03-20 10:16:13,2026-03-30 16:17:35
86020,351415,0,招牌盖烧饭,3,1,1,1,6,2026-03-24 01:39:50,2026-03-24 02:21:20
86020,351733,0,忌口备注点这,0,1,1,1,1,2026-03-28 16:55:43,2026-03-28 16:55:43
86020,351416,0,酱料区,0,1,1,1,1,2026-03-24 01:58:20,2026-03-24 01:58:20
86020,351148,0,☀加料区☀,0,1,1,1,1,2026-03-20 10:16:12,2026-03-20 10:16:12
86020,351146,0,⚡营养靓汤⚡,0,1,1,1,5,2026-03-20 10:16:12,2026-03-20 10:16:12
4264,72247,0,堂食活动,11,1,1,1,1,2022-02-20 16:54:54,2022-03-12 23:43:00
4264,7722,0,心潮丼饭,9,1,1,1,21,2020-09-09 19:46:45,2021-11-19 16:33:29
4264,7725,0,经典小吃,7,1,1,1,7,2020-09-09 19:49:27,2022-05-16 03:58:55
4264,67765,0,加料区,6,1,1,1,6,2021-12-29 14:30:36,2022-05-16 03:59:18
4264,74791,0,饮料,5,1,1,1,1,2022-03-01 00:56:46,2022-05-16 03:59:40
81112,325895,0,💚小荟推荐,102,1,1,1,34,2024-10-15 14:18:27,2026-04-19 20:02:14
81112,352322,0,❤️红糖酸嘢,101,1,1,1,1,2026-04-19 19:39:50,2026-04-19 20:02:11
81112,320032,0,🔴每日福利,99,1,1,1,9,2024-08-22 15:18:54,2026-03-01 19:36:34
81112,320038,0,🔴手工拉丝酸奶捞,97,1,1,1,9,2024-08-22 15:20:29,2026-03-01 19:36:27
81112,347693,0,🔴网红百香果拌,93,1,1,1,4,2026-03-01 18:34:06,2026-03-01 19:36:11
81112,345077,0,🔴冷萃酸奶夹水果,91,1,1,1,6,2025-11-26 19:22:58,2025-11-26 19:23:11
81112,320035,0,🔴现切混装果切,88,1,1,1,43,2024-08-22 15:19:49,2024-11-18 11:41:42
81112,320034,0,🔴招牌甘草水果,87,1,1,1,29,2024-08-22 15:19:19,2024-11-18 11:41:49
81112,320040,0,🔴鲜榨纯正果汁,86,1,1,1,15,2024-08-22 15:20:56,2024-11-18 11:41:57
81112,320042,0,🔴每日活力,84,1,1,1,1,2024-08-22 15:21:35,2024-11-18 11:42:12
81112,320033,0,🔴冰镇西瓜,83,1,1,1,5,2024-08-22 15:19:04,2024-11-18 11:42:20
81112,320036,0,🔴现切一果一盒,82,1,1,1,27,2024-08-22 15:20:00,2024-11-18 11:42:27
81112,320039,0,🔴特惠精品整果,81,1,1,1,36,2024-08-22 15:20:42,2024-11-18 11:42:34
81112,320045,0,❤️本店承诺,80,1,1,1,2,2024-08-22 15:22:24,2024-10-17 11:41:02
81112,320044,0,❤️门店形象,79,1,1,1,3,2024-08-22 15:22:15,2024-10-17 11:41:00
81112,320043,0,❤️售后＆酱料,18,1,1,1,4,2024-08-22 15:22:03,2024-08-27 12:14:07
81112,320046,0,❤️至上服务,15,1,1,1,3,2024-08-22 15:22:40,2024-08-27 12:14:25
4237,326500,0,招牌推荐,16,1,1,1,4,2024-10-26 17:14:29,2024-10-26 17:14:38
4237,8046,0,桂林米粉,15,1,1,1,17,2020-09-11 15:52:37,2024-03-16 23:11:00
4237,8049,0,爆款螺狮粉,14,1,1,1,24,2020-09-11 15:53:54,2021-09-15 23:30:54
4237,8045,0,一面之交,12,1,1,1,14,2020-09-11 15:52:09,2024-06-21 21:53:31
4237,8047,0,桂林米粉捞粉（先吃粉再喝汤）,9,1,1,1,12,2020-09-11 15:52:50,2024-03-16 23:11:23
4237,8048,0,配菜（小吃加料）,6,1,1,1,31,2020-09-11 15:53:12,2024-11-18 17:05:37
4237,8051,0,饺子-云吞-汤圆,1,1,1,1,25,2020-09-11 15:55:00,2026-03-22 21:46:50
4237,8052,0,水饺调料必选,0,1,1,1,6,2020-09-11 15:55:18,2020-09-11 15:55:38
28166,351343,0,新品尝鲜,10,1,1,1,5,2026-03-23 17:09:10,2026-03-23 17:09:21
28166,317637,0,便当bento,9,1,1,1,18,2024-03-15 22:38:54,2024-10-22 22:57:25
28166,326309,0,冬日暖汤饭,8,1,1,1,5,2024-10-22 22:57:17,2025-11-21 19:44:58
28166,317766,0,乌冬,2,1,1,1,4,2024-03-30 14:46:41,2024-05-11 15:45:54
28166,317638,0,小吃,2,1,1,1,4,2024-03-15 22:39:04,2024-03-27 17:11:23
28166,317736,0,加料,0,1,1,1,7,2024-03-27 17:11:08,2024-03-27 17:11:08
26961,264478,0,煎/烤/炸/美味小食,531,1,1,1,19,2023-10-11 17:26:21,2025-12-29 11:19:37
26961,68024,0,糍粑油条/豆浆/🍄汤,530,1,1,1,10,2022-01-03 11:06:21,2025-12-29 11:19:35
26961,46462,0,港式包点,529,1,1,1,8,2021-08-25 11:38:51,2025-12-29 11:19:33
26961,46461,0,港式水晶虾饺烧麦,528,1,1,1,5,2021-08-25 11:38:42,2025-12-29 11:19:31
26961,90720,0,意大利肉酱面,527,1,1,1,2,2022-05-05 11:01:02,2025-12-29 11:19:28
26961,67874,0,港式车仔面,510,1,1,1,4,2021-12-30 18:34:56,2024-08-02 10:28:38
26961,51670,0,咖喱鱼蛋/什锦丸,500,1,1,1,5,2021-09-28 09:49:37,2025-03-22 22:24:02
26961,224408,0,广式炒饭,476,1,1,1,2,2023-08-23 10:30:03,2024-02-06 18:58:00
19988,246132,0,意大利面+炸物,289,1,1,1,9,2023-09-15 09:59:03,2025-12-10 06:37:00
19988,258509,0,煎/烤/炸/美味小食,286,1,1,1,20,2023-10-03 19:30:56,2024-08-14 17:10:10
19988,243430,0,鲜蔬汤/奶油🍄汤,279,1,1,1,4,2023-09-12 08:57:34,2024-08-14 10:34:31
19988,246130,0,咖喱捞乌冬面,277,1,1,1,6,2023-09-15 09:58:51,2025-03-25 11:37:25
19988,246135,0,咖喱系列+炒饭,275,1,1,1,5,2023-09-15 10:01:26,2025-03-19 08:54:11
19988,236536,0,咖喱鱼蛋/什锦丸,258,1,1,1,5,2023-09-04 10:35:04,2025-03-19 08:54:05
19988,236532,0,广式炒饭,257,1,1,1,2,2023-09-04 10:29:35,2024-02-06 18:43:50
19988,45185,0,🍜港式车仔面,248,1,1,1,4,2021-08-12 18:07:19,2023-10-03 19:40:27
83150,351234,0,新品,34,1,1,1,1,2026-03-22 06:34:11,2026-03-22 11:25:00
83150,335272,0,牛骨汤面,33,1,1,1,8,2025-06-20 10:53:46,2026-01-25 16:52:29
83150,335616,0,自选配菜,32,1,1,1,11,2025-08-18 19:44:09,2026-01-25 16:52:27
4244,302383,0,饺子云吞必选汤底,10,1,1,1,9,2023-12-17 11:02:18,2025-11-16 09:52:05
4244,8019,0,大馅饺子（可汤可捞）,9,1,1,1,19,2020-09-11 14:06:23,2025-11-16 09:52:01
4244,96468,0,饺子自选区,7,1,1,1,18,2022-05-30 16:36:29,2024-09-26 14:52:51
4244,322126,0,云吞自选搭配,5,1,1,1,8,2024-09-09 22:03:39,2024-09-26 14:52:20
4244,8021,0,新鲜云吞.汤圆,4,1,1,1,13,2020-09-11 14:13:11,2025-11-10 21:40:56
4244,134166,0,螺蛳粉系列,0,1,1,1,15,2022-11-03 21:31:55,2024-04-15 10:35:17
4244,73974,0,一面之缘,0,1,1,1,10,2022-02-26 13:28:24,2024-08-25 10:30:33
4244,8020,0,加料.配料区.,0,1,1,1,22,2020-09-11 14:08:23,2025-09-04 07:21:11
80655,351408,0,云妈公告👨🏻‍🍳,84,1,1,1,2,2026-03-23 22:48:57,2026-04-23 21:22:33
80655,317629,0,开心加料区🤡,83,1,1,1,16,2024-03-14 23:36:52,2026-04-23 21:22:31
80655,351649,0,云湘味2.0十大推荐,81,1,1,1,10,2026-03-27 00:45:48,2026-04-23 21:11:56
80655,320890,0,必吃二十大排行推荐⭐,79,1,1,1,25,2024-08-27 13:36:24,2026-03-27 00:37:55
80655,331062,0,安格斯肥牛🐮,77,1,1,1,2,2025-03-14 20:02:54,2026-03-27 00:37:49
80655,319940,0,汤粉面饭人专区🥞,63,1,1,1,2,2024-08-19 12:35:06,2025-04-06 11:46:09
80655,318447,0,新鲜牛肉系列🥩,58,1,1,1,3,2024-05-06 15:39:24,2025-03-14 19:54:33
80655,318440,0,本家湘菜推荐🥇,56,1,1,1,11,2024-05-05 16:04:09,2025-03-14 19:55:24
80655,317331,0,本店宣言📣,53,1,1,1,3,2024-03-08 16:29:15,2025-03-14 20:05:38
80655,318519,0,面食家🍜,47,1,1,1,2,2024-05-13 22:33:21,2025-03-14 19:56:01
80655,317330,0,瘦肉者专区🐽,25,1,1,1,8,2024-03-08 14:40:53,2025-03-14 19:56:51
80655,317821,0,大吉大利今晚吃鸡🐔,22,1,1,1,3,2024-04-05 19:54:11,2025-03-14 19:57:22
80655,318448,0,素食者专区🥬,18,1,1,1,2,2024-05-06 15:43:25,2025-03-14 19:57:49
29555,334448,0,下单必点,39,1,1,1,1,2025-05-10 10:21:00,2026-04-02 10:27:45
29555,239456,0,米饭、汤,38,1,1,1,1,2023-09-07 12:47:46,2025-06-20 16:29:26
29555,56507,0,快餐（荤菜）,35,1,1,1,5,2021-10-25 17:36:46,2023-09-18 10:30:29
29555,239451,0,快餐（半荤）,34,1,1,1,6,2023-09-07 12:39:15,2023-09-18 10:30:28
29555,214592,0,快餐（素菜）,33,1,1,1,4,2023-07-31 10:15:26,2023-09-18 10:30:27
29555,326208,0,饮料,0,1,1,1,6,2024-10-21 17:27:38,2024-10-21 17:27:38
33581,73936,0,现包抄手,32,1,1,1,9,2022-02-26 10:27:50,2026-04-02 10:37:59
33581,80586,0,手工水饺,31,1,1,1,7,2022-03-24 09:16:25,2026-04-02 10:37:57
33581,117325,0,汤饺口味选择,29,1,1,1,6,2022-09-14 18:25:26,2026-04-02 10:37:46
33581,160128,0,凉皮,26,1,1,1,1,2023-03-02 09:36:02,2026-04-15 10:32:58
33581,73009,0,经典面类,23,1,1,1,6,2022-02-23 23:07:54,2026-04-15 10:29:38
33581,73060,0,小吃,20,1,1,1,4,2022-02-24 09:37:48,2024-09-08 12:35:58
33581,73143,0,拌米粉,17,1,1,1,1,2022-02-24 15:56:53,2024-08-30 10:38:11
33581,117321,0,饺子配料,7,1,1,1,6,2022-09-14 18:03:22,2022-09-15 10:31:20
54386,350869,0,加个鸡腿和青菜,39,1,1,1,2,2026-03-15 20:45:32,2026-03-25 14:28:54
54386,293820,0,番茄汤✔拌卤汁,38,1,1,1,7,2023-11-29 08:45:58,2026-02-23 20:21:52
54386,293822,0,番茄汤云吞(拌卤汁),34,1,1,1,11,2023-11-29 08:48:14,2025-12-29 12:08:05
54386,293821,0,自由搭配云吞,33,1,1,1,11,2023-11-29 08:47:44,2025-12-29 12:08:03
54386,293823,0,饺子(小、中、大份),32,1,1,1,10,2023-11-29 08:49:52,2025-12-29 12:08:01
54386,315664,0,自由搭配饺子,31,1,1,1,9,2024-02-17 18:10:27,2025-12-29 12:07:58
54386,298949,0,加荤加素加蛋加面,8,1,1,1,7,2023-12-09 21:04:30,2026-02-26 06:10:09
54386,299442,0,酱料包,0,1,1,1,5,2023-12-11 10:02:25,2023-12-11 10:02:25
80875,318075,0,温馨提示,124,1,1,1,3,2024-04-17 15:20:21,2026-03-13 10:57:49
80875,350468,0,特色饭,123,1,1,1,12,2026-03-13 10:57:36,2026-03-13 10:57:46
80875,331438,0,营养蒸饭,121,1,1,1,18,2025-03-19 11:48:43,2026-03-13 10:19:17
80875,335280,0,营养蒸饭双拼,120,1,1,1,4,2025-06-23 11:51:37,2026-03-13 10:19:14
80875,331495,0,蒸饭加料,119,1,1,1,13,2025-03-19 23:52:44,2026-03-13 10:19:11
80875,334789,0,广东营养炖汤,117,1,1,1,3,2025-05-21 23:43:29,2026-03-13 10:19:00
80875,331496,0,客家现滚汤,116,1,1,1,5,2025-03-20 00:12:29,2026-03-13 10:18:58
80875,321436,0,汤粉/汤饭,115,1,1,1,3,2024-09-01 21:26:31,2026-03-13 10:18:55
80875,318079,0,加配菜,18,1,1,1,10,2024-04-17 22:03:39,2026-03-01 17:38:40
80875,350466,0,调味料,0,1,1,1,5,2026-03-13 10:19:59,2026-03-13 10:19:59
80875,318086,0,特色小吃,0,1,1,1,7,2024-04-19 10:32:10,2026-03-01 17:38:31
80875,318076,0,饮料,0,1,1,1,4,2024-04-17 16:31:27,2025-03-20 00:34:30
81091,336654,0,关于本店一些事,30,1,1,1,2,2025-09-06 00:30:49,2025-12-04 10:09:31
81091,351070,0,港式碟头饭,29,1,1,1,6,2026-03-18 15:32:24,2026-03-18 15:45:34
81091,339681,0,下单福利 Benefits,29,1,1,1,5,2025-09-17 17:40:46,2025-12-04 10:09:36
81091,336553,0,港式滑蛋饭,29,1,1,1,9,2025-09-05 16:12:01,2025-12-18 00:25:55
81091,336539,0,港式咖喱饭,29,1,1,1,9,2025-09-05 13:58:04,2026-03-26 15:43:53
81091,342242,0,老广靓汤,28,1,1,1,3,2025-10-13 23:37:32,2026-03-09 19:12:35
81091,339524,0,单人优惠套餐,28,1,1,1,12,2025-09-15 23:42:55,2026-03-13 09:56:50
81091,341314,0,港式烧汁饭  Sauce,27,1,1,1,7,2025-09-30 09:44:24,2025-12-13 10:33:17
81091,342241,0,肉酱茄汁饭,22,1,1,1,6,2025-10-13 23:19:35,2025-11-12 13:25:44
81091,336555,0,芝士焗饭,22,1,1,1,5,2025-09-05 16:13:33,2025-12-04 10:09:02
81091,336554,0,港式黑椒扒饭,22,1,1,1,2,2025-09-05 16:13:07,2025-12-04 10:08:37
81091,336557,0,意式意面,21,1,1,1,6,2025-09-05 16:14:42,2025-12-04 10:08:14
81091,336556,0,广式经典小吃,3,1,1,1,2,2025-09-05 16:14:21,2025-09-05 16:16:57
81091,336559,0,饮料,2,1,1,1,4,2025-09-05 16:15:24,2025-10-14 00:21:13
81091,336653,0,公告栏,1,1,1,1,3,2025-09-05 23:48:53,2025-10-13 23:41:00
85102,345009,0,沙茶面,3,1,1,1,8,2025-11-24 10:18:07,2026-01-09 20:22:35
85102,345010,0,沙茶面（斋粉）,2,1,1,1,1,2025-11-24 10:18:54,2026-01-09 20:23:18
85102,345011,0,自选配菜,0,1,1,1,10,2025-11-24 10:19:37,2025-11-24 10:19:37
41101,108715,0,本店招牌菜,3,1,1,1,6,2022-08-14 23:09:46,2022-08-16 23:51:45
41101,108734,0,米饭1份,2,1,1,1,2,2022-08-15 11:03:04,2022-08-17 00:01:47
41101,108727,0,经典肉菜,2,1,1,1,8,2022-08-15 10:51:16,2022-08-16 23:49:56
41101,108728,0,经典素材,1,1,1,1,6,2022-08-15 10:51:28,2022-08-16 23:49:45
41101,108736,0,特价菜,0,1,1,1,1,2022-08-15 11:05:48,2022-08-15 11:05:48
80634,315608,0,温馨提示,80,1,1,1,3,2024-02-17 12:39:11,2026-04-01 06:09:54
80634,318029,0,店长推荐,79,1,1,1,14,2024-04-13 07:24:26,2026-04-01 06:09:51
80634,315607,0,农家石磨肠粉,78,1,1,1,24,2024-02-17 12:39:11,2026-04-01 06:09:48
80634,315612,0,招牌蒸粉/面/河粉,77,1,1,1,13,2024-02-17 12:39:11,2026-04-01 06:09:41
80634,349850,0,新品发布蒸饭/面,73,1,1,1,4,2026-03-10 22:29:14,2026-03-10 22:29:21
80634,315616,0,营养套餐,67,1,1,1,10,2024-02-17 12:39:11,2025-10-26 06:26:55
80634,315611,0,营养生滚粥,66,1,1,1,15,2024-02-17 12:39:11,2025-10-26 06:26:34
80634,317831,0,云吞、水饺,52,1,1,1,4,2024-04-06 15:22:29,2024-12-20 21:40:11
80634,321298,0,靓汤、汤饭、粉,40,1,1,1,12,2024-08-31 11:34:08,2024-11-07 23:07:28
80634,315609,0,豆浆、饮料,7,1,1,1,6,2024-02-17 12:39:11,2024-06-13 23:16:43
80634,317734,0,港式车子面,4,1,1,1,9,2024-03-27 15:49:59,2024-04-13 12:24:03
80634,315610,0,小吃、包点,4,1,1,1,14,2024-02-17 12:39:11,2024-05-11 09:43:23
80634,315615,0,加料区,0,1,1,1,24,2024-02-17 12:39:11,2024-02-17 12:39:11
80634,315614,0,调料区,0,1,1,1,8,2024-02-17 12:39:11,2024-06-13 23:16:03
83324,338660,0,馒头饮品,0,1,1,1,11,2025-09-08 11:04:33,2025-09-08 11:04:33
83324,338659,0,小吃糕点,0,1,1,1,24,2025-09-08 11:04:22,2025-09-08 11:04:22
83324,338658,0,手工鲜包,0,1,1,1,13,2025-09-08 11:04:00,2025-09-08 11:04:00
83324,336046,0,营养餐包,0,1,1,1,11,2025-09-01 10:03:16,2025-09-01 10:03:16
4251,351695,0,精品单人套餐,60,1,1,1,2,2026-03-27 18:06:01,2026-03-27 22:28:16
4251,350481,0,单人烤鱼烤蛙饭,59,1,1,1,13,2026-03-13 15:07:00,2026-03-13 15:07:08
4251,349117,0,优惠福利,58,1,1,1,1,2026-03-08 21:39:59,2026-03-08 21:40:05
4251,347368,0,盅盅汤豆腐脑,56,1,1,1,1,2026-02-23 20:59:58,2026-03-29 21:24:36
4251,45765,0,自选小碗菜,55,1,1,1,37,2021-08-20 10:34:02,2025-09-29 16:32:03
4251,233682,0,新品推荐,54,1,1,1,8,2023-09-01 11:01:22,2025-09-29 16:14:08
4251,70719,0,现炒盖饭,53,1,1,1,86,2022-02-10 08:05:19,2025-09-29 16:13:18
4251,45772,0,清炒系列,49,1,1,1,4,2021-08-20 16:02:58,2025-09-04 10:53:57
4251,7800,0,家常小炒类,49,1,1,1,50,2020-09-10 10:18:59,2025-09-04 10:53:59
4251,45773,0,凉菜系列,48,1,1,1,4,2021-08-20 16:09:43,2025-09-04 10:53:55
4251,7799,0,干锅类,47,1,1,1,8,2020-09-10 10:18:47,2025-09-04 10:53:52
85928,349895,0,进店福利,14,1,1,1,6,2026-03-11 15:11:01,2026-03-13 14:21:56
85928,350220,0,限时优惠套餐,13,1,1,1,4,2026-03-12 15:27:03,2026-03-13 14:21:54
85928,350480,0,套餐系列,12,1,1,1,6,2026-03-13 14:21:22,2026-03-13 14:21:49
85928,349719,0,拌面系列,7,1,1,1,12,2026-03-10 17:12:02,2026-03-12 15:27:16
85928,349681,0,汤面系列,2,1,1,1,12,2026-03-10 15:57:41,2026-03-11 13:40:01
85928,349888,0,酸辣粉系列,0,1,1,1,4,2026-03-11 13:57:58,2026-03-11 13:57:58
85928,349887,0,抄手系列,0,1,1,1,4,2026-03-11 13:57:47,2026-03-11 13:57:47
85928,349886,0,番茄汤系列🍅,0,1,1,1,3,2026-03-11 13:39:46,2026-03-11 19:06:44
85928,349683,0,嘴馋😋小吃,0,1,1,1,11,2026-03-10 15:57:41,2026-03-19 15:43:37
85928,349682,0,浇头不够吃？,0,1,1,1,9,2026-03-10 15:57:41,2026-03-18 01:40:45
80804,330015,0,港式车仔/乌冬面,36,1,1,1,2,2025-02-27 10:09:04,2026-03-04 10:40:05
80804,330030,0,炸物套餐,33,1,1,1,4,2025-02-27 12:42:32,2025-12-16 06:38:09
80804,328566,0,现炸小食,32,1,1,1,11,2025-01-17 18:40:59,2025-12-16 06:38:20
41612,343933,0,关于店铺,40,1,1,1,2,2025-10-28 21:12:53,2026-03-08 19:48:29
41612,349065,0,汤羹系列（陆续更新）,39,1,1,1,1,2026-03-08 19:47:04,2026-03-08 19:47:11
41612,344578,0,滋补靓汤,34,1,1,1,3,2025-11-12 21:29:31,2025-11-14 09:33:45
41612,343934,0,岭南靓汤,33,1,1,1,6,2025-10-28 21:13:18,2025-11-14 09:33:36
41612,343937,0,番茄浓汤,32,1,1,1,4,2025-10-28 22:03:01,2025-11-14 09:33:30
41612,343935,0,肉类市场（单点不配汤哦）,18,1,1,1,3,2025-10-28 21:13:52,2025-12-12 12:19:14
41612,343938,0,素菜市场（单点不配汤哦）,17,1,1,1,6,2025-10-28 23:19:28,2025-12-12 12:19:30
41612,344368,0,加汤饭肉类,16,1,1,1,4,2025-11-06 13:50:16,2025-11-06 13:50:47
41612,344366,0,加汤饭主食（单点不送）,1,1,1,1,6,2025-11-06 13:32:26,2025-11-25 19:14:15
85846,351004,0,荤菜,10,1,1,1,7,2026-03-17 13:26:50,2026-03-18 10:07:04
85846,351005,0,素食,9,1,1,1,3,2026-03-17 13:27:46,2026-03-18 10:07:00
85846,351002,0,主食,7,1,1,1,2,2026-03-17 13:26:28,2026-03-18 10:09:20
85846,351006,0,青菜,4,1,1,1,2,2026-03-17 13:28:07,2026-03-18 10:06:36
85846,351046,0,炖汤,0,1,1,1,1,2026-03-18 10:05:59,2026-03-18 10:05:59
73254,271840,0,关于缥雪·PIAOXUE,30,1,1,1,2,2023-10-23 15:20:29,2025-12-19 16:58:15
73254,317654,0,糙米能量碗·RICE,27,1,1,1,11,2024-03-18 15:40:13,2025-03-29 09:13:52
73254,324593,0,低卡荞麦面·Noodles,26,1,1,1,9,2024-10-04 13:39:58,2025-04-20 15:24:57
73254,271830,0,原叶鲜奶茶·低负担,24,1,1,1,8,2023-10-23 15:16:20,2025-11-18 21:08:32
73254,292675,0,暖冬热饮·Ginger,23,1,1,1,10,2023-11-26 23:42:13,2025-11-18 21:08:27
73254,272990,0,清爽系列·Refreshing,22,1,1,1,6,2023-10-25 18:06:25,2025-12-26 10:44:29
73254,329838,0,抹茶品茗茶·Matcha,21,1,1,1,5,2025-02-24 19:49:44,2025-06-03 19:02:26
73254,271832,0,手打柠檬茶·Lemon,21,1,1,1,4,2023-10-23 15:17:35,2025-11-02 15:15:28
73254,302008,0,原叶纯茶·Tea,2,1,1,1,7,2023-12-15 15:00:13,2025-02-24 19:48:07
73254,272411,0,鲜茶小料·Toppings,1,1,1,1,2,2023-10-24 11:50:44,2025-09-28 07:45:29
41334,118673,0,TG·公告,16,1,1,1,2,2022-09-19 15:48:43,2026-04-18 23:56:14
41334,341511,0,小吃·Snack,14,1,1,1,1,2025-10-05 14:16:10,2026-04-18 23:56:05
41334,352166,0,轻碳碗·LC Bowl,13,1,1,1,7,2026-04-15 00:32:01,2026-04-18 23:55:58
41334,140312,0,沙    拉   Salad（凉）,10,1,1,1,6,2022-11-22 00:11:58,2026-02-23 21:23:07
41334,140313,0,谷物饭    Rice（热）,9,1,1,1,7,2022-11-22 00:13:54,2023-04-09 17:32:03
41334,117152,0,招牌菜    Specialty,8,1,1,1,3,2022-09-14 00:37:43,2026-04-18 23:56:26
41334,110089,0,意    面    Pasta（热）,8,1,1,1,3,2022-08-20 20:34:00,2026-04-02 10:46:35
41334,111211,0,DIY•自选沙拉如下·点餐建议,7,1,1,1,1,2022-08-25 18:32:52,2026-04-02 10:46:58
41334,118470,0,蔬   菜    Vegetables,6,1,1,1,12,2022-09-18 20:42:36,2026-03-01 22:56:03
41334,118466,0,蛋白质    Protein,6,1,1,1,9,2022-09-18 20:40:34,2026-04-02 10:47:09
41334,118469,0,碳  水    Carbohydrate,5,1,1,1,5,2022-09-18 20:42:05,2026-03-01 22:56:00
41334,110095,0,酱   汁    Sauce,4,1,1,1,6,2022-08-20 20:51:51,2026-03-01 22:55:56
41334,340253,0,客服·Contact Us,3,1,1,1,1,2025-09-21 21:55:27,2026-03-01 22:55:48
82233,349861,0,米饭＆咖喱拌饭,19,1,1,1,8,2026-03-11 10:34:55,2026-03-25 14:02:35
82233,351184,0,米饭＆鲍汁菌菇浇饭,18,1,1,1,6,2026-03-21 10:43:26,2026-03-28 10:26:59
82233,328669,0,加料区,7,1,1,1,9,2025-02-14 21:29:39,2026-01-28 23:15:20
51882,342936,0,越南河粉咖喱捞,37,1,1,1,8,2025-10-15 20:20:21,2026-04-23 12:25:25
51882,352480,0,米饭🍚咖喱拌饭,36,1,1,1,1,2026-04-23 10:59:13,2026-04-23 10:59:19
51882,346974,0,越南河粉斋粉,34,1,1,1,1,2026-02-03 16:23:32,2026-04-23 12:27:55
51882,238071,0,自选配菜,27,1,1,1,14,2023-09-05 15:30:36,2025-09-01 10:58:01
81083,323275,0,🥳限时2.99元特惠,45,1,1,1,11,2024-09-15 10:55:29,2026-04-25 00:45:30
81083,323276,0,校园热卖🔥,40,1,1,1,12,2024-09-15 10:55:38,2026-04-24 15:29:24
81083,344867,0,✨特惠栏,35,1,1,1,1,2025-11-19 20:40:36,2026-03-29 16:58:13
81083,347809,0,翅桶事事顺心🍗,34,1,1,1,6,2026-03-02 16:27:47,2026-03-06 10:45:31
81083,330938,0,美味热销,30,1,1,1,15,2025-03-14 01:18:11,2026-03-02 18:07:46
81083,342292,0,堡藏上新(微辣)🌶️🌶️,28,1,1,1,8,2025-10-15 12:42:50,2026-03-02 18:08:02
81083,323324,0,冬日暖胃🥛,28,1,1,1,7,2024-09-15 11:34:54,2026-03-02 18:10:01
81083,334076,0,安格斯牛堡上新🐮,22,1,1,1,11,2025-04-28 01:49:20,2026-03-02 18:10:57
81083,334783,0,生日大汉堡来啦🍔🍔,21,1,1,1,5,2025-05-21 14:44:21,2025-10-27 19:38:08
81083,323277,0,单人餐🍔,20,1,1,1,7,2024-09-15 10:55:55,2026-03-02 18:05:42
81083,323278,0,多人餐👭🏻,18,1,1,1,8,2024-09-15 10:56:08,2026-03-02 18:13:13
81083,328245,0,下午茶☕️宵夜🍵,17,1,1,1,3,2024-12-07 04:30:58,2026-03-02 18:14:14
81083,323281,0,爽快吃鸡🍗🍖,16,1,1,1,6,2024-09-15 10:59:39,2025-05-08 14:25:16
81083,323279,0,中国汉堡🍔🥙,15,1,1,1,9,2024-09-15 10:59:07,2025-05-08 14:25:51
81083,323280,0,塔塔小食🍟🍿,14,1,1,1,11,2024-09-15 10:59:25,2025-05-08 14:26:17
81083,323282,0,冷/热饮品🥤🍵,13,1,1,1,4,2024-09-15 11:00:08,2025-05-08 14:26:28
81083,326909,0,温馨提示⭕️,2,1,1,1,2,2024-11-08 18:57:10,2026-03-02 16:01:54
81083,328536,0,优惠团餐🎉,0,1,1,1,1,2024-12-27 15:48:40,2025-05-21 14:52:22
83378,336094,0,关于店铺（请留意看哈）,57,1,1,1,2,2025-09-02 15:18:27,2026-04-19 23:47:54
83378,347369,0,广式烧味,46,1,1,1,4,2026-02-23 21:51:49,2026-02-24 02:24:14
83378,336229,0,手撕鸡饭,44,1,1,1,5,2025-09-03 00:23:23,2026-02-23 21:52:17
83378,347370,0,碟头饭&双拼饭,43,1,1,1,15,2026-02-23 21:54:46,2026-02-23 23:12:47
83378,336248,0,蒸品小碗菜（不含米饭）,39,1,1,1,5,2025-09-03 11:38:30,2025-09-19 14:13:34
83378,336249,0,蔬菜,36,1,1,1,3,2025-09-03 11:39:02,2025-09-19 14:13:27
81079,319941,0,快餐类,7,1,1,1,61,2024-08-19 16:06:55,2024-09-10 09:12:44
81079,319942,0,小炒类,6,1,1,1,60,2024-08-19 16:07:07,2024-09-10 09:12:43
81079,320346,0,自选快餐,5,1,1,1,1,2024-08-24 11:01:57,2025-04-21 09:26:33
81079,319944,0,炒面炒粉炒饭,4,1,1,1,16,2024-08-19 16:07:36,2025-09-02 19:15:07
81079,322131,0,加料,3,1,1,1,2,2024-09-10 09:12:18,2024-09-10 09:12:35
81079,332479,0,饮料,0,1,1,1,3,2025-03-30 13:19:03,2025-03-30 13:19:03
27674,58995,0,🍉鲜切水果,6,1,1,1,14,2021-11-05 21:37:41,2024-12-23 23:20:27
27674,59005,0,水果🍊,5,1,1,1,14,2021-11-05 22:41:30,2024-12-23 23:19:56
27674,65110,0,水果捞😋,2,1,1,1,25,2021-12-05 11:46:23,2025-03-14 20:05:41
27674,318512,0,🍹鲜榨果汁,0,1,1,1,3,2024-05-10 12:53:19,2025-02-17 15:13:12
27674,317924,0,优惠套餐,0,1,1,1,10,2024-04-10 16:21:42,2024-04-10 16:47:33
83115,343559,0,正确打开方式,29,1,1,1,4,2025-10-21 00:06:40,2026-03-22 12:06:24
83115,342288,0,下单必点,28,1,1,1,4,2025-10-14 23:56:23,2026-03-22 12:06:21
83115,342206,0,选套餐🍱,27,1,1,1,11,2025-10-13 16:33:24,2026-03-22 12:06:18
83115,342208,0,加肉肉🥩,26,1,1,1,14,2025-10-13 16:33:25,2026-03-22 12:06:15
83115,351251,0,Q弹丸子,25,1,1,1,12,2026-03-22 12:05:30,2026-03-22 12:06:12
83115,351250,0,健康素食,24,1,1,1,20,2026-03-22 11:58:19,2026-03-22 12:06:09
83115,351243,0,绿叶子菜,23,1,1,1,7,2026-03-22 11:17:56,2026-03-22 12:05:56
83115,342204,0,加主食,22,1,1,1,7,2025-10-13 16:33:24,2026-03-22 12:05:54
83115,342205,0,喝饮料 ,21,1,1,1,2,2025-10-13 16:33:24,2026-03-22 12:05:49
81985,340124,0,关于店铺💕,9,1,1,1,1,2025-09-19 08:07:57,2025-09-19 08:10:55
81985,336400,0,白米饭🍚,8,1,1,1,1,2025-09-04 10:53:00,2025-09-09 10:07:50
81985,338655,0,青菜🥒,4,1,1,1,1,2025-09-08 08:43:07,2025-09-08 08:53:09
83278,335663,0,招牌汤面,14,1,1,1,8,2025-08-21 14:50:43,2025-09-07 01:03:15
83278,335664,0,秘制拌面,13,1,1,1,8,2025-08-21 14:50:58,2025-09-07 01:03:12
83278,335666,0,面类加料区,12,1,1,1,12,2025-08-21 14:51:33,2025-09-07 01:03:41
83278,336775,0,肠粉类,11,1,1,1,16,2025-09-07 00:59:16,2025-09-07 01:03:01
83278,336776,0,肠粉加料区,10,1,1,1,9,2025-09-07 00:59:34,2025-09-07 01:02:55
83278,346159,0,店主力推重庆特色面,0,1,1,1,1,2026-01-24 21:08:57,2026-02-26 12:03:01
83278,343817,0,饺子云吞抄手类,0,1,1,1,16,2025-10-26 21:24:40,2025-10-26 21:24:40
4238,345792,0,冷萃酸奶系列,10,1,1,1,10,2025-12-19 13:36:55,2025-12-19 13:38:18
4238,343203,0,鲜榨果汁➕新品,9,1,1,1,5,2025-10-17 16:13:13,2025-11-30 23:41:34
4238,125700,0,新品专区,8,1,1,1,12,2022-10-11 12:24:31,2022-10-11 12:24:46
4238,8587,0,自由搭配,7,1,1,1,40,2020-09-16 11:31:07,2022-08-23 19:38:39
4238,93138,0,套餐专区,4,1,1,1,16,2022-05-14 14:34:23,2022-08-22 12:04:12
4238,11220,0,特价产品,3,1,1,1,12,2020-10-14 15:06:50,2022-08-22 12:04:26
4238,93082,0,单品专区,2,1,1,1,14,2022-05-14 01:24:16,2022-08-22 12:04:41
4238,110329,0,水果饮品,0,1,1,1,2,2022-08-22 12:00:29,2023-08-23 23:44:41
81215,321780,0,门店福利,7,1,1,1,2,2024-09-03 22:06:48,2024-09-03 22:09:56
81215,320888,0,招牌猪脚饭,6,1,1,1,2,2024-08-27 13:12:22,2024-09-03 10:53:19
81215,321588,0,美味烧腊饭,5,1,1,1,7,2024-09-03 08:27:33,2024-09-03 10:56:05
81215,321590,0,特色卤水饭,4,1,1,1,5,2024-09-03 10:55:52,2024-09-03 10:56:11
81215,320916,0,招牌双拼饭,3,1,1,1,1,2024-08-27 23:06:04,2024-09-03 22:10:22
81215,321585,0,豪华三拼饭,2,1,1,1,1,2024-09-02 23:36:30,2024-09-03 22:10:15
81215,321586,0,加料区,1,1,1,1,7,2024-09-02 23:40:10,2024-09-03 22:10:51
81215,321888,0,斩料例牌,0,1,1,1,2,2024-09-05 00:18:51,2024-09-05 00:23:00
81215,321783,0,门店地址,0,1,1,1,1,2024-09-03 22:24:11,2024-09-03 22:24:11
66560,318461,0,🌹温馨提示❤️,9,1,1,1,3,2024-05-07 19:41:32,2025-03-09 23:17:03
66560,330499,0,🌹点就赠送❤️,8,1,1,1,3,2025-03-09 23:16:27,2025-12-01 21:09:39
66560,233700,0,🌹铁板饭类❤️,6,1,1,1,12,2023-09-01 11:30:03,2025-03-09 23:16:49
66560,233701,0,🌹经典扒类❤️（默认切好）,2,1,1,1,5,2023-09-01 11:30:11,2025-02-17 05:45:16
66560,317744,0,🌹折扣套餐❤️,0,1,1,1,6,2024-03-27 20:27:22,2024-09-21 02:59:54
66560,269999,0,🌹快乐加料❤️,0,1,1,1,5,2023-10-20 06:47:23,2024-09-21 02:59:42
66560,234929,0,🌹炖汤饮品❤️,0,1,1,1,6,2023-09-02 16:59:34,2025-02-17 05:44:58
66560,233703,0,🌹来份小食❤️,0,1,1,1,6,2023-09-01 11:30:24,2025-04-28 19:26:32
80661,352434,0,服务公告,12,1,1,1,1,2026-04-21 20:43:43,2026-04-21 20:44:06
80661,350430,0,口味备注,11,1,1,1,4,2026-03-12 23:09:14,2026-03-13 19:53:26
80661,350378,0,单人份重庆鸡公煲系列,10,1,1,1,4,2026-03-12 20:41:25,2026-03-13 19:09:47
80661,350431,0,双人份重庆鸡公煲系列,9,1,1,1,2,2026-03-12 23:09:58,2026-03-13 19:09:50
80661,350432,0,蔬菜区,8,1,1,1,7,2026-03-12 23:10:20,2026-03-14 09:53:44
80661,350433,0,肉肉区,7,1,1,1,11,2026-03-12 23:10:30,2026-03-14 09:56:33
80661,315987,0,饮料区,0,1,1,1,2,2024-02-29 10:19:52,2026-03-14 17:49:17
85143,345358,0,扒饭意粉—🍛—,8,1,1,1,13,2025-12-03 11:05:18,2026-04-21 09:53:41
85143,351019,0,西式简餐—🥩—,7,1,1,1,5,2026-03-17 17:46:41,2026-04-21 09:53:37
85143,351020,0,灵魂拌饭—🥗—,6,1,1,1,9,2026-03-17 17:46:41,2026-04-21 09:53:33
85143,345353,0,特色焗饭—🍲—,5,1,1,1,9,2025-12-03 11:05:17,2026-04-21 09:53:29
85143,345360,0,必选扒类套餐—🔥—,4,1,1,1,16,2025-12-03 11:05:19,2026-04-21 09:53:24
85143,345362,0,脆皮烧鸡—🔥—,3,1,1,1,15,2025-12-03 11:05:20,2026-04-21 09:53:18
85143,345361,0,馋嘴小吃—🍗—,2,1,1,1,8,2025-12-03 11:05:20,2026-03-20 21:01:10
85143,345359,0,主食加餐—🍚—,1,1,1,1,10,2025-12-03 11:05:19,2026-03-21 11:36:09
85143,345351,0,畅爽饮品—🍹—,0,1,1,1,5,2025-12-03 11:05:16,2026-03-21 11:36:04
80631,315682,0,必点区,3,1,1,1,2,2024-02-17 22:08:41,2024-02-29 17:38:56
80631,315680,0,自选荤菜区,2,1,1,1,20,2024-02-17 22:08:41,2024-02-29 17:38:51
80631,315681,0,自选素菜区,0,1,1,1,11,2024-02-17 22:08:41,2024-02-17 22:08:41
85278,351947,0,🔥鲜烧牛肉面🔥,17,1,1,1,5,2026-04-07 12:04:42,2026-04-07 12:05:40
85278,347544,0,🔥潮汕牛肉粿条🔥汤,16,1,1,1,7,2026-02-28 19:35:05,2026-04-07 12:05:38
85278,347685,0,🌟潮汕沙茶干粿，干面🌟,15,1,1,1,5,2026-03-01 15:59:25,2026-04-07 12:05:35
85278,347543,0,🔥招牌饭系列🔥,14,1,1,1,11,2026-02-28 19:34:27,2026-04-07 12:05:33
85278,351694,0,营养粥,8,1,1,1,2,2026-03-27 18:00:50,2026-03-27 18:02:29
85278,350878,0,❤营养蒸笼饭❤,7,1,1,1,14,2026-03-16 00:31:35,2026-03-16 00:31:45
85278,347686,0,❤筒骨汤猪杂饭粉面❤,3,1,1,1,7,2026-03-01 15:59:58,2026-03-08 16:08:44
85278,347687,0,🌟港式滑蛋饭🌟,2,1,1,1,4,2026-03-01 16:00:24,2026-03-08 16:09:25
85278,347689,0,☀加料区☀,1,1,1,1,6,2026-03-01 16:00:58,2026-03-08 16:09:39
85278,347690,0,✌服务备注区✌,0,1,1,1,3,2026-03-01 16:01:57,2026-03-08 16:09:50
85278,347688,0,⚡营养靓汤⚡,0,1,1,1,5,2026-03-01 16:00:44,2026-03-08 16:10:01
33991,341845,0,豆花饭,43,1,1,1,12,2025-10-08 19:13:14,2025-10-08 19:38:06
33991,79906,0,白米饭,42,1,1,1,1,2022-03-19 22:30:04,2025-10-08 19:37:57
33991,315677,0,招牌荤菜自选,39,1,1,1,3,2024-02-17 20:45:38,2025-09-07 20:28:13
33991,315678,0,素菜自选,38,1,1,1,10,2024-02-17 21:00:22,2025-09-07 20:28:09
33991,318106,0,特色牛腩饭,29,1,1,1,6,2024-04-21 21:43:15,2024-11-03 19:36:49
33991,131919,0,&lt;牛蛙来了&gt;,14,1,1,1,7,2022-10-26 21:26:59,2022-10-26 21:27:07
33991,75647,0,美味汤饭,10,1,1,1,6,2022-03-03 18:52:55,2022-09-16 17:19:54
85847,352051,0,用餐愉快,11,1,1,1,1,2026-04-11 18:09:31,2026-04-12 23:01:02
85847,351264,0,特惠福利,10,1,1,1,6,2026-03-22 13:35:13,2026-03-23 17:25:10
85847,351259,0,葡国咖喱,9,1,1,1,13,2026-03-22 13:32:22,2026-03-23 17:25:06
85847,351261,0,港式快餐,7,1,1,1,2,2026-03-22 13:33:06,2026-03-23 17:25:00
85847,351955,0,出前一丁汤面,0,1,1,1,8,2026-04-08 10:29:23,2026-04-11 18:28:21
85847,351337,0,茄汁肉酱,0,1,1,1,8,2026-03-23 16:45:18,2026-03-23 16:45:18
85847,351336,0,小吃单点不送,0,1,1,1,6,2026-03-23 16:45:18,2026-03-23 16:45:18
85847,351335,0,饮品单点不送,0,1,1,1,5,2026-03-23 16:45:18,2026-03-23 16:45:18
41205,264684,0,YO客服,364,1,1,1,3,2023-10-11 23:21:32,2024-09-19 18:30:38
41205,335641,0,招牌 Sign,362,1,1,1,6,2025-08-20 13:51:19,2025-08-20 13:52:15
41205,130154,0,新品 New,361,1,1,1,4,2022-10-20 22:07:05,2025-08-20 14:00:32
41205,162351,0,杂粮饭 Rice,360,1,1,1,8,2023-03-07 08:28:23,2025-12-01 10:05:37
41205,110907,0,面包 Bread,359,1,1,1,2,2022-08-24 16:06:14,2025-12-01 10:06:02
41205,110099,0,面食 Noodles,358,1,1,1,7,2022-08-20 21:52:17,2025-08-20 13:53:07
41205,110098,0,轻体碗 Salad,357,1,1,1,9,2022-08-20 21:51:46,2025-08-20 13:53:25
41205,110555,0,小食 Snacks,280,1,1,1,6,2022-08-23 09:31:38,2025-08-20 13:54:00
41205,116953,0,蛋白质 Protein,279,1,1,1,9,2022-09-13 14:12:12,2025-08-20 13:54:28
41205,116955,0,碳水 Carbs,278,1,1,1,6,2022-09-13 14:13:05,2025-08-20 13:54:35
41205,116957,0,纤维 Fiber,276,1,1,1,7,2022-09-13 14:13:57,2025-08-20 13:54:47
41205,110105,0,酱料 Sauce,275,1,1,1,7,2022-08-20 21:59:15,2025-08-20 13:54:52
41205,343780,0,福利 Perks,1,1,1,1,3,2025-10-24 14:48:26,2025-12-01 10:02:15
41205,343779,0,餐具,0,1,1,1,1,2025-10-24 14:48:25,2025-10-24 14:48:25
44830,327486,0,山姆食用品,11,1,1,1,30,2024-11-26 12:50:29,2024-11-26 12:50:52
44830,198828,0,酒精用品,8,1,1,1,4,2023-05-29 10:40:40,2024-09-10 11:35:32
44830,322148,0,食品,7,1,1,1,26,2024-09-10 11:29:03,2024-09-10 11:33:36
44830,318675,0,功能性饮料,7,1,1,1,1,2024-05-21 15:07:23,2024-09-10 11:35:43
44830,318665,0,咖啡,7,1,1,1,3,2024-05-21 14:13:30,2024-09-10 11:35:39
44830,134424,0,饮料饮品,7,1,1,1,16,2022-11-04 17:09:15,2024-09-10 11:34:38
44830,134418,0,常温乳饮,7,1,1,1,5,2022-11-04 17:08:19,2024-09-10 11:35:26
44830,134421,0,粉面火腿肠,6,1,1,1,17,2022-11-04 17:08:43,2024-09-16 09:33:31
44830,134422,0,日用百货,5,1,1,1,16,2022-11-04 17:08:54,2024-09-10 11:34:24
44830,321908,0,洗护用品,4,1,1,1,12,2024-09-05 20:26:44,2024-09-10 11:35:16
44830,321907,0,纸巾用品,4,1,1,1,6,2024-09-05 20:25:15,2024-09-10 11:32:45
44830,134420,0,个人护理,4,1,1,1,11,2022-11-04 17:08:31,2024-09-10 11:30:57
44830,299443,0,小饰品,1,1,1,1,2,2023-12-11 10:28:22,2024-09-10 11:32:20
81228,328077,0,食材说明🔥🔥🔥,15,1,1,1,3,2024-12-02 20:14:52,2025-11-01 00:07:43
81228,328070,0,招牌烧鸡🐔🐔🐔,14,1,1,1,10,2024-12-02 15:51:14,2025-11-01 00:07:40
81228,328072,0,鸡翅乳鸽🍖🍖🍖,9,1,1,1,3,2024-12-02 15:51:51,2026-04-22 01:06:58
81228,328075,0,膳食搭配🥦🥦🥦,8,1,1,1,4,2024-12-02 15:54:18,2025-03-14 11:46:31
81228,328308,0,碳水主食🍜🍜🍜,6,1,1,1,5,2024-12-11 15:54:36,2025-03-14 11:54:20
81228,328076,0,酱料搭配🌶️🌶️🌶️,5,1,1,1,3,2024-12-02 15:54:55,2025-03-14 11:54:25
81228,328074,0,饮料饮品🧃🧃🧃,4,1,1,1,2,2024-12-02 15:53:04,2025-03-14 11:54:30
81228,330970,0,食材介绍♻️♻️♻️,0,1,1,1,5,2025-03-14 11:26:55,2025-03-14 11:26:55
57404,194521,0,套餐,3,1,1,1,42,2023-05-18 15:53:07,2023-05-20 15:55:15
57404,195571,0,加料区,0,1,1,1,10,2023-05-20 15:33:38,2023-05-20 15:33:38
57404,195560,0,配料,0,1,1,1,8,2023-05-20 15:14:57,2023-05-20 15:32:21
29595,108603,0,咸面包,14,1,1,1,6,2022-08-13 17:07:28,2022-12-11 18:46:46
29595,60617,0,甜面包,13,1,1,1,3,2021-11-13 15:05:28,2022-12-11 18:46:44
29595,60633,0,吐司面包,11,1,1,1,3,2021-11-13 15:14:50,2022-12-11 18:46:39
29595,60622,0,软欧包,10,1,1,1,2,2021-11-13 15:09:35,2022-12-11 18:46:37
29595,60634,0,冷餐小西点,6,1,1,1,3,2021-11-13 15:18:14,2022-12-11 18:46:17
29595,60641,0,人气小蛋糕,5,1,1,1,2,2021-11-13 15:28:29,2022-12-11 18:46:16
29595,71141,0,干点、零食,0,1,1,1,5,2022-02-14 11:26:39,2022-08-13 17:22:29
29595,60019,0,酸奶、饮品,0,1,1,1,0,2021-11-10 10:57:50,2022-08-13 17:26:37
29595,60018,0,蛋糕（提前一天预定）,0,1,1,1,20,2021-11-10 10:57:43,2021-11-14 16:14:19
81126,320892,0,❤️镇店之宝菜品推荐,177,1,1,1,34,2024-08-27 15:16:22,2026-03-10 19:16:02
81126,320897,0,🌟港式滑蛋,176,1,1,1,8,2024-08-27 15:32:52,2026-03-10 19:16:00
81126,320893,0,⚡港式烧腊,175,1,1,1,7,2024-08-27 15:19:52,2026-03-10 19:15:59
81126,320895,0,🍎潮汕特色汤粉面,174,1,1,1,12,2024-08-27 15:29:22,2026-03-10 19:15:57
81126,320894,0,🔥新鲜筒骨汤饭,173,1,1,1,11,2024-08-27 15:24:52,2026-03-10 19:15:52
81126,320900,0,🍵潮汕沙茶干果干面,172,1,1,1,8,2024-08-27 15:54:22,2026-03-10 19:15:51
81126,321075,0,💓口味备注服务区,167,1,1,1,20,2024-08-30 00:54:33,2026-03-10 19:15:40
81126,332740,0,🔥鲜烧牛肉钵钵面🔥,166,1,1,1,12,2025-04-04 01:18:23,2026-03-10 19:15:33
81126,324314,0,💖现炒营养餐,165,1,1,1,7,2024-09-28 10:21:47,2026-03-10 19:15:31
81126,323648,0,✌香辣川味饭,164,1,1,1,7,2024-09-21 17:03:12,2026-03-10 19:15:29
81126,321278,0,🙅☕酱料区,151,1,1,1,3,2024-08-31 10:45:19,2026-03-10 19:14:52
81126,323483,0,🧠斩料加肉加菜,141,1,1,1,30,2024-09-17 23:00:52,2026-03-10 19:14:17
81126,321276,0,🍊营养靓汤,130,1,1,1,9,2024-08-31 10:38:26,2026-03-10 19:13:56
81126,321502,0,🍓饮料,128,1,1,1,5,2024-09-02 14:33:57,2026-03-10 19:13:54
49226,324290,0,公告,26,1,1,1,1,2024-09-27 20:20:48,2025-04-06 17:13:12
49226,150599,0,（必点）鲜香汤底,23,1,1,1,6,2023-02-06 15:37:35,2024-02-28 19:38:55
49226,240749,0,麻辣烫套餐,22,1,1,1,11,2023-09-08 22:37:43,2024-02-28 19:38:53
49226,232208,0,荤菜,21,1,1,1,27,2023-08-31 09:12:04,2024-02-28 19:38:51
49226,315968,0,丸子,20,1,1,1,25,2024-02-28 19:38:29,2024-02-28 19:38:48
49226,232209,0,素菜,16,1,1,1,36,2023-08-31 09:13:55,2025-03-16 08:32:51
49226,150606,0,主食,11,1,1,1,10,2023-02-06 15:37:35,2023-09-10 10:46:37
49226,232246,0,小料,10,1,1,1,10,2023-08-31 10:19:25,2023-09-10 10:46:36
49226,336013,0,饮料,0,1,1,1,7,2025-08-30 22:07:31,2025-08-30 22:07:31
15747,343582,0,不要蒜,22,1,1,1,1,2025-10-21 11:27:25,2025-10-21 11:28:40
15747,343361,0,不要葱花香菜,21,1,1,1,1,2025-10-20 13:45:08,2025-10-20 13:47:22
15747,322214,0,广式拉肠,20,1,1,1,33,2024-09-11 17:29:09,2024-10-22 19:40:22
15747,326281,0,肠粉加料区,19,1,1,1,10,2024-10-22 19:16:59,2024-10-22 19:40:32
15747,322215,0,包子糕点,18,1,1,1,15,2024-09-11 17:29:55,2024-10-22 19:40:42
15747,238256,0,小吃,17,1,1,1,5,2023-09-05 18:03:28,2024-10-22 19:40:50
15747,238259,0,细面类,16,1,1,1,11,2023-09-05 18:03:30,2024-10-22 19:40:58
15747,238258,0,刀削面,15,1,1,1,11,2023-09-05 18:03:29,2024-10-22 19:41:05
15747,238253,0,酸辣粉,14,1,1,1,12,2023-09-05 18:03:27,2024-10-22 19:41:11
15747,238257,0,热干面,13,1,1,1,3,2023-09-05 18:03:28,2024-10-22 19:41:17
15747,238254,0,手工水饺,12,1,1,1,12,2023-09-05 18:03:27,2024-10-22 19:41:25
15747,326282,0,饺子蘸料,11,1,1,1,5,2024-10-22 19:30:02,2024-10-22 19:41:34
15747,343762,0,精品双拼,0,1,1,1,7,2025-10-23 19:04:37,2025-10-23 19:04:37
15747,343496,0,加料区,0,1,1,1,6,2025-10-20 16:51:18,2025-10-20 16:51:18
15747,330392,0,饮品,0,1,1,1,4,2025-03-08 13:07:41,2025-03-08 13:07:41
15747,330286,0,老麻抄手,0,1,1,1,1,2025-03-04 15:39:37,2025-03-04 15:39:37
15747,326310,0,套餐,0,1,1,1,9,2024-10-22 23:17:04,2024-10-22 23:17:04
81088,345984,0,套餐,28,1,1,1,1,2026-01-05 23:40:48,2026-01-05 23:41:08
81088,345161,0,汤底（必点）,27,1,1,1,1,2025-11-28 16:28:38,2026-01-05 23:41:06
81088,332814,0,荤类,9,1,1,1,19,2025-04-07 17:43:46,2025-11-28 16:27:24
81088,345159,0,素类,8,1,1,1,27,2025-11-28 16:26:14,2025-11-28 16:27:22
81088,345160,0,主食,0,1,1,1,10,2025-11-28 16:27:12,2025-11-28 16:27:12
81088,332843,0,加料,0,1,1,1,3,2025-04-07 23:15:53,2025-04-07 23:16:15
81088,325097,0,饮料,0,1,1,1,2,2024-10-09 17:19:08,2025-04-07 23:24:14
81125,320176,0,热销款,5,1,1,1,26,2024-08-23 16:17:22,2024-09-05 13:35:03
81125,320343,0,招牌菜,4,1,1,1,6,2024-08-24 06:51:28,2024-09-05 13:34:58
81125,321645,0,加料,3,1,1,1,6,2024-09-03 13:00:29,2024-09-05 13:34:40
81125,323482,0,超值套餐,0,1,1,1,3,2024-09-17 22:53:54,2024-09-17 22:53:54
83077,351078,0,糯叽叽水果奶酪麻糍,12,1,1,1,14,2026-03-18 18:48:16,2026-03-18 19:04:20
83077,336916,0,山姆糕点分装,11,1,1,1,5,2025-09-07 13:19:37,2025-09-07 13:30:10
83077,335623,0,果燃鲜榨果汁,8,1,1,1,27,2025-08-19 11:32:30,2025-08-26 20:14:17
83077,335841,0,果燃成品水果,7,1,1,1,16,2025-08-26 19:28:37,2025-08-26 20:14:08
83077,335826,0,山姆饮料分装,6,1,1,1,38,2025-08-26 16:28:06,2025-08-26 20:13:00
83077,335657,0,果燃鲜榨奶昔,3,1,1,1,15,2025-08-21 11:54:20,2026-03-18 19:04:36
83077,334499,0,果燃鲜切果盘,2,1,1,1,43,2025-05-13 18:01:50,2026-03-18 19:04:26
83077,335840,0,山姆食品分装,1,1,1,1,22,2025-08-26 18:56:58,2025-08-26 20:13:33
49440,169682,0,折扣区,29,1,1,1,7,2023-03-23 12:15:22,2023-09-19 18:45:05
49440,151152,0,五香系列（不辣）,28,1,1,1,2,2023-02-09 11:22:58,2024-11-05 11:11:03
49440,151146,0,香辣系列,28,1,1,1,11,2023-02-09 11:10:32,2023-09-19 18:45:02
49440,151147,0,甜辣系列,27,1,1,1,5,2023-02-09 11:19:05,2023-09-19 18:45:00
49440,151156,0,素菜系列,25,1,1,1,5,2023-02-09 11:29:45,2024-11-05 11:09:44
49440,151313,0,饮料,8,1,1,1,1,2023-02-09 22:58:47,2023-02-17 14:46:28
51420,157075,0,见面伴手礼,59,1,1,1,9,2023-02-24 12:07:39,2024-11-06 18:30:11
51420,269458,0,小花束,58,1,1,1,37,2023-10-19 11:01:24,2024-11-06 18:30:10
51420,326875,0,创意花束,57,1,1,1,9,2024-11-06 18:29:37,2024-11-06 18:30:07
51420,259119,0,复合型混搭花束,48,1,1,1,38,2023-10-05 14:25:10,2024-10-12 16:19:25
51420,157130,0,玫瑰类 花束,47,1,1,1,26,2023-02-24 14:16:42,2024-10-12 16:19:24
51420,318517,0,向日葵花束,46,1,1,1,11,2024-05-13 10:38:27,2024-10-12 16:19:22
51420,259184,0,抱抱桶,45,1,1,1,11,2023-10-05 15:19:14,2024-10-12 16:19:20
51420,157076,0,花瓶,44,1,1,1,6,2023-02-24 12:07:46,2024-10-12 16:19:13
51420,259240,0,商业用花,43,1,1,1,5,2023-10-05 16:24:10,2024-10-12 16:19:09
51420,259236,0,派对布置,42,1,1,1,6,2023-10-05 16:19:04,2024-10-12 16:19:06
51420,160293,0,花艺课程DIY,0,1,1,1,3,2023-03-02 15:06:02,2023-03-02 15:07:23
51420,157120,0,养护小能手,0,1,1,1,2,2023-02-24 14:08:00,2023-02-24 14:08:00
51420,157077,0,生日系列,0,1,1,1,5,2023-02-24 12:08:03,2023-04-12 22:11:17
80658,318459,0,每日特惠,47,1,1,1,8,2024-05-07 07:41:57,2025-02-21 07:57:02
80658,316415,0,黑咖啡,46,1,1,1,10,2024-03-01 17:42:21,2025-02-21 07:57:00
80658,316417,0,必须拿铁,44,1,1,1,13,2024-03-01 17:42:45,2025-02-21 07:56:45
80658,316419,0,小食,37,1,1,1,8,2024-03-01 17:43:05,2024-04-18 15:30:01
80658,317223,0,无咖啡因饮品,36,1,1,1,11,2024-03-06 23:37:57,2024-04-18 15:29:57
80658,317222,0,咖啡套餐,32,1,1,1,10,2024-03-06 23:36:35,2024-12-19 08:06:38
80658,316418,0,冰滴咖啡,26,1,1,1,4,2024-03-01 17:42:58,2024-03-07 00:23:33
80658,328390,0,米饭套餐,25,1,1,1,8,2024-12-19 08:06:52,2025-02-21 07:57:11
80658,324742,0,水果水果,0,1,1,1,6,2024-10-06 15:41:25,2024-10-06 15:41:25
84013,343881,0,打包费,0,1,1,1,1,2025-10-28 11:37:49,2025-10-28 11:37:49
84013,343848,0,水果,0,1,1,1,20,2025-10-27 10:35:55,2025-10-27 10:35:55
84013,343846,0,灵魂拌料,0,1,1,1,3,2025-10-27 10:35:54,2025-10-27 10:35:54
84013,343844,0,进口水果,0,1,1,1,3,2025-10-27 10:35:54,2025-10-27 10:35:54
84013,343842,0,水果捞,0,1,1,1,2,2025-10-27 10:35:54,2025-10-27 10:35:54
84811,343586,0,港式饮品（冷/热）,9,1,1,1,2,2025-10-21 17:47:51,2025-11-29 18:14:28
84811,343541,0,招牌！手作柠檬茶！,9,1,1,1,7,2025-10-20 22:57:07,2025-11-26 10:42:52
84811,345039,0,招牌吨吨杯,8,1,1,1,3,2025-11-25 22:09:42,2025-11-25 22:12:13
84811,343544,0,鲜果！鲜柠茶！,7,1,1,1,5,2025-10-20 22:58:24,2025-10-22 12:42:16
84811,343543,0,青柠造白！无茶！,2,1,1,1,2,2025-10-20 22:58:01,2025-10-22 12:41:50
84811,343546,0,冷萃茶！,1,1,1,1,3,2025-10-20 22:58:48,2025-10-20 23:05:06
84811,343542,0,独家！醒神咖啡！,1,1,1,1,2,2025-10-20 22:57:29,2025-10-30 09:53:33
84811,343994,0,客服挨骂区,0,1,1,1,1,2025-10-30 09:53:17,2025-10-30 09:53:17
33821,324219,0,营业时间看这里,189,1,1,1,1,2024-09-25 23:18:24,2026-03-16 08:33:31
33821,348608,0,低脂酸奶球简餐,188,1,1,1,3,2026-03-06 22:30:41,2026-03-15 23:59:57
33821,291711,0,马斯卡彭奶酪盒子蛋糕,187,1,1,1,2,2023-11-24 14:52:42,2026-04-16 16:47:02
33821,340125,0,低脂冷萃希腊酸奶碗,183,1,1,1,7,2025-09-19 08:28:59,2025-09-22 12:24:26
33821,324181,0,炙烧热芝士牛肉三明治,181,1,1,1,2,2024-09-25 10:46:30,2025-09-20 16:15:57
33821,326891,0,安佳盒子蛋糕,168,1,1,1,6,2024-11-07 12:45:22,2024-11-27 14:42:53
33821,74948,0,ins毛巾卷,167,1,1,1,2,2022-03-01 18:54:41,2024-11-27 14:42:48
33821,317849,0,手工汉堡套餐,164,1,1,1,2,2024-04-07 11:02:59,2024-11-27 14:42:38
33821,321843,0,冰乳酪司康,146,1,1,1,3,2024-09-04 17:15:01,2024-10-22 12:55:15
33821,74950,0,炒酸奶,144,1,1,1,9,2022-03-01 19:21:27,2024-10-22 12:55:12
58835,345820,0,元宵节汤圆,26,1,1,1,3,2025-12-21 00:44:39,2026-03-03 11:58:49
58835,190726,0,热卖推荐,25,1,1,1,10,2023-05-09 16:13:54,2023-11-09 11:48:06
58835,190656,0,广式糖水,23,1,1,1,4,2023-05-09 14:45:58,2023-11-09 11:48:02
58835,190729,0,仙草系列,20,1,1,1,4,2023-05-09 16:15:50,2023-11-09 11:47:55
58835,328604,0,益力多多系列,0,1,1,1,4,2025-02-10 12:52:07,2025-02-10 12:52:07
58835,328385,0,omt厚乳茶,0,1,1,1,5,2024-12-17 20:01:05,2024-12-17 20:01:05
58835,326896,0,卡士牛油果,0,1,1,1,4,2024-11-08 11:48:22,2024-11-08 11:48:22
58835,326096,0,omt奶茶,0,1,1,1,7,2024-10-19 18:04:54,2024-10-19 18:04:54
58835,325925,0,omt柠檬茶,0,1,1,1,11,2024-10-15 23:22:54,2024-10-15 23:22:54
58835,317220,0,绵绵冰,0,1,1,1,2,2024-03-06 19:27:34,2024-03-06 19:27:34
41092,109204,0,早餐类,16,1,1,1,12,2022-08-17 11:21:03,2022-08-17 13:56:29
41092,109220,0,新品,15,1,1,1,13,2022-08-17 12:50:41,2022-08-17 13:56:19
41092,109226,0,炖汤,14,1,1,1,8,2022-08-17 12:59:27,2022-08-17 13:56:12
41092,109236,0,加料区,12,1,1,1,9,2022-08-17 13:46:20,2022-08-17 13:55:54
41092,109248,0,饮料,11,1,1,1,15,2022-08-17 13:54:33,2022-08-17 13:55:51
41092,109227,0,净食类,10,1,1,1,5,2022-08-17 13:15:13,2022-08-17 13:55:50
41092,109233,0,香卤类,6,1,1,1,7,2022-08-17 13:41:57,2022-08-17 13:54:55
41092,203129,0,石板饭类,0,1,1,1,13,2023-06-08 19:13:40,2023-06-08 19:13:40
41092,109283,0,沙县小吃,0,1,1,1,29,2022-08-17 14:14:45,2022-08-17 14:14:45
84442,341184,0,牛肉饭,12,1,1,1,9,2025-09-27 16:41:16,2025-10-11 15:57:35
84442,341183,0,牛腩饭,11,1,1,1,3,2025-09-27 16:40:54,2025-10-11 15:56:29
84442,341192,0,牛肉牛腩双拼,9,1,1,1,6,2025-09-27 18:32:36,2025-10-11 15:55:19
84442,341187,0,加料区,6,1,1,1,8,2025-09-27 16:43:56,2025-09-27 18:59:08
85774,350801,0,加料,0,1,1,1,1,2026-03-14 11:58:14,2026-03-14 11:58:14
85996,352338,0,小吃，加料区,0,1,1,1,3,2026-04-20 14:26:36,2026-04-20 14:26:36
85996,351101,0,干蒸菜（套餐）,0,1,1,1,8,2026-03-19 09:37:03,2026-04-20 17:00:36
84033,339032,0,烧腊饭,0,1,1,1,11,2025-09-11 16:45:16,2025-09-11 16:45:16
84033,339031,0,双拼,0,1,1,1,10,2025-09-11 16:45:16,2025-09-11 16:45:16
84033,339030,0,小食,0,1,1,1,1,2025-09-11 16:45:16,2025-09-11 16:45:16
84106,339514,0,潮汕粿条/汤粉面,1,1,1,1,14,2025-09-15 22:05:34,2025-09-15 22:56:34
84106,339557,0,汤饭类,0,1,1,1,7,2025-09-16 14:29:08,2025-09-16 14:29:08
84106,339521,0,干拌区,0,1,1,1,8,2025-09-15 23:13:10,2025-09-15 23:13:10
84106,339520,0,双拼区,0,1,1,1,10,2025-09-15 22:52:16,2025-09-15 22:52:16
86010,351331,0,到店小程序,16,1,1,1,1,2026-03-23 15:04:05,2026-03-23 15:04:22
86010,351059,0,招牌芒果系列,15,1,1,1,5,2026-03-18 14:27:00,2026-03-18 15:22:34
86010,351058,0,招牌牛油果系列,14,1,1,1,5,2026-03-18 14:26:47,2026-03-18 15:22:31
86010,351060,0,蓝莓系列,13,1,1,1,2,2026-03-18 15:19:10,2026-03-18 15:22:02
86010,351062,0,芭乐系列,12,1,1,1,3,2026-03-18 15:19:32,2026-03-18 15:21:58
86010,351061,0,桑葚系列,10,1,1,1,4,2026-03-18 15:19:22,2026-03-18 15:21:53
86010,351066,0,手打柠檬茶,9,1,1,1,3,2026-03-18 15:20:27,2026-03-18 15:21:40
86010,351065,0,抹茶系列,8,1,1,1,1,2026-03-18 15:20:12,2026-03-18 15:21:38
86010,351063,0,奶盖系列,6,1,1,1,2,2026-03-18 15:19:48,2026-03-18 15:21:31
86010,351418,0,菠萝系列,0,1,1,1,2,2026-03-24 06:32:26,2026-03-24 06:32:26
86010,351068,0,咖啡系列,0,1,1,1,3,2026-03-18 15:20:57,2026-03-18 15:20:57
86010,351067,0,葡萄系列,0,1,1,1,3,2026-03-18 15:20:42,2026-03-18 15:20:42
27625,76936,0,早餐类,24,1,1,1,10,2022-03-07 23:51:22,2022-04-17 23:40:37
27625,84906,0,新品,23,1,1,1,10,2022-04-09 23:28:05,2022-04-09 23:28:15
27625,49230,0,沙县小吃,20,1,1,1,16,2021-09-13 20:07:26,2022-02-27 22:49:15
27625,49083,0,粉面,19,1,1,1,16,2021-09-13 00:52:33,2022-02-27 22:49:14
27625,74430,0,炖汤,18,1,1,1,8,2022-02-27 22:48:55,2022-02-27 22:49:12
27625,49237,0,净食类,11,1,1,1,5,2021-09-13 20:59:32,2021-09-15 18:13:15
27625,49239,0,香卤类,10,1,1,1,8,2021-09-13 21:07:19,2021-09-15 18:12:47
27625,49241,0,加料区,4,1,1,1,10,2021-09-13 21:13:54,2021-09-15 18:12:40
27625,109753,0,石板饭类,0,1,1,1,15,2022-08-19 09:54:52,2022-08-19 09:54:52
27625,108678,0,饮料,0,1,1,1,15,2022-08-14 15:15:28,2022-08-14 15:15:28
85242,345805,0,韩式拌饭,4,1,1,1,13,2025-12-20 14:25:04,2026-03-31 23:42:49
85242,347117,0,日韩拉面,3,1,1,1,12,2026-02-07 19:20:29,2026-03-31 23:42:59
85242,345840,0,韩式卷饭&美式加州卷,2,1,1,1,9,2025-12-24 13:36:11,2026-03-31 23:43:01
85242,352381,0,韩式炸品,0,1,1,1,9,2026-04-20 19:56:41,2026-04-20 19:56:41
85242,352031,0,饮品,0,1,1,1,3,2026-04-10 17:01:10,2026-04-10 17:32:58
85929,350171,0,麻辣烫/麻辣拌口味,21,1,1,1,6,2026-03-12 10:29:41,2026-03-20 12:38:56
85929,350955,0,超赞套餐！！,20,1,1,1,4,2026-03-16 18:33:28,2026-04-07 21:27:15
85929,350175,0,素类,18,1,1,1,24,2026-03-12 10:29:44,2026-03-12 13:09:10
85929,350172,0,肉类,17,1,1,1,16,2026-03-12 10:29:41,2026-03-12 13:07:51
85929,350174,0,豆类,15,1,1,1,9,2026-03-12 10:29:43,2026-03-12 13:07:47
85929,350173,0,丸类,14,1,1,1,32,2026-03-12 10:29:42,2026-03-12 13:07:45
85929,350176,0,粉面类,13,1,1,1,14,2026-03-12 10:29:44,2026-03-12 13:07:38
85929,350182,0,主食类,0,1,1,1,1,2026-03-12 11:07:44,2026-03-12 11:07:44
85929,350168,0,小料选我（加里面）,0,1,1,1,5,2026-03-12 10:29:41,2026-03-12 15:07:52
82345,329180,0,汤饭类,5,1,1,1,15,2025-02-21 19:19:04,2025-03-14 14:18:27
82345,331806,0,腌面类,0,1,1,1,6,2025-03-23 21:18:25,2025-03-23 21:18:25
82345,329400,0,汤粉类,0,1,1,1,5,2025-02-22 21:09:51,2025-02-22 21:20:54
82345,329190,0,加料,0,1,1,1,11,2025-02-21 20:27:21,2025-02-21 20:27:21
83295,339601,0,正新客服,14,1,1,1,1,2025-09-17 15:27:41,2025-12-01 10:38:26
83295,336107,0,小新福利,13,1,1,1,6,2025-09-02 15:34:49,2025-12-01 10:38:23
83295,345296,0,招牌爆款三合一,11,1,1,1,3,2025-12-01 10:38:05,2025-12-01 10:38:19
83295,336104,0,正新炸鸡,8,1,1,1,20,2025-09-02 15:34:48,2025-09-04 13:45:15
83295,336105,0,中国炸鸡,7,1,1,1,4,2025-09-02 15:34:49,2025-09-04 13:45:09
83295,336106,0,正新鸡排,6,1,1,1,5,2025-09-02 15:34:49,2025-09-04 13:45:03
83295,339272,0,正新夜市,0,1,1,1,8,2025-09-13 21:46:46,2025-09-13 21:46:46
83295,336411,0,正新汉堡,0,1,1,1,5,2025-09-04 12:53:54,2025-09-04 13:32:35
83295,336103,0,精品小串,0,1,1,1,4,2025-09-02 15:34:48,2025-09-02 15:34:48
83295,336102,0,满足大串,0,1,1,1,16,2025-09-02 15:34:47,2025-09-02 15:34:47
83295,336101,0,炸鸡桶,0,1,1,1,4,2025-09-02 15:34:47,2025-09-02 15:34:47
83295,336100,0,休闲小吃,0,1,1,1,3,2025-09-02 15:34:47,2025-09-02 15:34:47
83295,336099,0,鸡排套餐,0,1,1,1,6,2025-09-02 15:34:47,2025-09-02 15:34:47
83295,336098,0,优惠套餐,0,1,1,1,4,2025-09-02 15:34:46,2025-09-03 19:02:07
85241,352076,0,加群有惊喜，特价天天有！,20,1,1,1,1,2026-04-12 19:50:34,2026-04-14 08:49:12
85241,352077,0,特价福利产品,19,1,1,1,1,2026-04-12 21:03:02,2026-04-14 08:49:16
85241,345800,0,鲜榨果汁【0 添加】,10,1,1,1,9,2025-12-20 11:47:50,2026-04-14 08:49:21
85241,345799,0,招牌水果捞,8,1,1,1,26,2025-12-20 11:47:09,2026-04-12 19:31:46
85241,345803,0,鲜果茶,7,1,1,1,5,2025-12-20 11:49:55,2026-04-12 19:30:01
85241,347059,0,酸奶奶昔,5,1,1,1,6,2026-02-06 14:10:05,2026-04-12 19:30:17
85241,345802,0,酸奶露,4,1,1,1,5,2025-12-20 11:49:08,2026-04-12 19:28:10
85241,345829,0,一果一盒,2,1,1,1,23,2025-12-22 17:11:45,2026-04-12 19:30:26
85241,345801,0,冷萃酸奶碗,1,1,1,1,1,2025-12-20 11:48:25,2026-04-12 19:29:49
85957,350217,0,主食,4,1,1,1,6,2026-03-12 14:30:57,2026-03-22 17:00:23
85957,350216,0,特色小吃,3,1,1,1,6,2026-03-12 14:30:35,2026-03-22 17:03:59
85957,350225,0,超值套餐,2,1,1,1,1,2026-03-12 17:19:56,2026-03-12 17:20:55
83358,336273,0,必点类,0,1,1,1,1,2025-09-03 12:16:05,2025-09-03 12:16:05
83358,336269,0,素菜类,0,1,1,1,8,2025-09-03 12:15:23,2025-09-03 12:15:23
83358,336165,0,荤菜类,0,1,1,1,7,2025-09-02 21:54:11,2025-09-03 12:15:06
85243,345976,0,选汤底,18,1,1,1,2,2026-01-04 16:31:43,2026-02-02 00:08:54
85243,345978,0,爆款套餐,17,1,1,1,4,2026-01-04 16:35:06,2026-01-04 17:23:23
85243,345971,0,健康青蔬,14,1,1,1,18,2026-01-04 16:28:39,2026-01-04 17:22:52
85243,345972,0,无肉不欢,13,1,1,1,20,2026-01-04 16:29:01,2026-01-04 17:22:49
85243,345973,0,Q 弹肉丸,12,1,1,1,8,2026-01-04 16:29:25,2026-01-04 17:22:46
85243,345974,0,营养豆蛋,11,1,1,1,13,2026-01-04 16:30:03,2026-01-04 17:22:42
85243,345975,0,粉面主食,10,1,1,1,11,2026-01-04 16:30:27,2026-01-04 17:22:34
85243,345977,0,麻酱小料,9,1,1,1,6,2026-01-04 16:34:11,2026-01-04 17:20:36
4554,330285,0,“1+1” 甜品套餐,15,1,1,1,2,2025-03-04 14:03:18,2025-03-18 15:24:11
4554,76753,0,星球波奇饭,14,1,1,1,9,2022-03-07 01:05:23,2024-08-23 17:52:15
4554,21759,0,全日餐,13,1,1,1,4,2021-02-20 19:01:49,2024-07-01 15:48:57
4554,9034,0,意大利面,12,1,1,1,5,2020-09-20 11:46:39,2024-08-23 17:52:56
4554,9030,0,意式咖啡（拼配）,11,1,1,1,7,2020-09-20 11:45:14,2024-07-01 15:49:47
4554,92763,0,意式咖啡（SOE）,10,1,1,1,5,2022-05-12 16:40:42,2024-07-01 15:50:13
4554,21747,0,创意咖啡,9,1,1,1,17,2021-02-20 16:20:55,2024-07-01 15:50:17
4554,9032,0,特调饮品,8,1,1,1,12,2020-09-20 11:45:50,2024-07-01 15:50:22
4554,9033,0,气泡水,7,1,1,1,11,2020-09-20 11:46:07,2024-07-01 15:50:32
4554,9031,0,鲜果茶,6,1,1,1,9,2020-09-20 11:45:36,2024-07-01 15:48:12
4554,9035,0,沙拉,5,1,1,1,5,2020-09-20 11:46:45,2024-08-24 18:26:07
4554,9036,0,饭类,3,1,1,1,8,2020-09-20 11:46:53,2025-08-28 12:14:00
4554,22008,0,蛋糕,2,1,1,1,17,2021-02-23 18:23:25,2024-07-01 15:45:58
85443,347466,0,招牌套餐,0,1,1,1,8,2026-02-27 18:14:13,2026-02-27 18:14:13
85443,347465,0,水饺类,0,1,1,1,5,2026-02-27 18:14:13,2026-02-27 18:14:13
85443,347464,0,小吃类,0,1,1,1,8,2026-02-27 18:14:12,2026-02-27 18:14:12
85443,347463,0,小馄饨,0,1,1,1,9,2026-02-27 18:14:12,2026-02-27 18:14:12
85443,347462,0,大馄饨,0,1,1,1,10,2026-02-27 18:14:12,2026-02-27 18:14:12
85443,347461,0,重庆小面类,0,1,1,1,8,2026-02-27 18:14:11,2026-02-27 18:14:11
85443,347460,0,汤粉面类,0,1,1,1,10,2026-02-27 18:14:11,2026-02-27 18:14:11
85443,347459,0,干拌类,0,1,1,1,7,2026-02-27 18:14:11,2026-02-27 18:14:11
80835,340307,0,肥牛饭,0,1,1,1,1,2025-09-22 15:43:52,2025-09-22 15:43:52
80835,336548,0,杂粮饭健康餐,0,1,1,1,3,2025-09-05 14:18:41,2025-09-05 14:18:41
84651,352228,0,套餐,0,1,1,1,11,2026-04-16 18:09:22,2026-04-16 18:09:22
4633,317347,0,茄汁烩意面,151,1,1,1,2,2024-03-10 19:51:44,2024-08-25 20:25:40
4633,319860,0,黑椒炒意面,149,1,1,1,1,2024-08-11 21:33:44,2024-08-25 20:25:49
80652,345293,0,草莓系列,169,1,1,1,4,2025-12-01 04:08:57,2025-12-15 16:17:00
80652,344861,0,焕颜桑葚,168,1,1,1,2,2025-11-19 17:16:39,2025-11-19 17:16:56
80652,344784,0,🍈海南红心木瓜,167,1,1,1,1,2025-11-17 13:33:11,2025-11-17 13:33:35
80652,339558,0,🐮真鲜奶茶,165,1,1,1,6,2025-09-16 15:24:09,2025-11-15 16:36:27
80652,316005,0,🔥奶茶系列热饮,164,1,1,1,1,2024-02-29 11:56:22,2025-11-15 16:36:24
80652,316006,0,现磨咖啡热饮🔥,157,1,1,1,7,2024-02-29 11:56:38,2025-10-23 15:12:57
80652,331465,0,🍇鲜果卡士,146,1,1,1,1,2025-03-19 17:41:21,2025-09-16 15:19:02
80652,324644,0,🥦超级植物茶,144,1,1,1,3,2024-10-05 21:00:37,2025-05-08 23:58:39
80652,331466,0,🥑牛油果绿,143,1,1,1,3,2025-03-19 17:41:55,2025-05-08 23:58:36
80652,316008,0,🍋招牌柠檬,142,1,1,1,5,2024-02-29 11:57:57,2025-09-16 15:19:23
80652,321563,0,喵星福利🌟🌟🌟,139,1,1,1,7,2024-09-02 16:58:36,2025-05-08 23:58:24
80652,316009,0,鲜果系列,138,1,1,1,1,2024-02-29 11:58:08,2025-05-08 23:58:20
80652,316010,0,鲜萃冰茶,136,1,1,1,5,2024-02-29 11:58:24,2025-05-08 23:58:14
80652,316012,0,山姆零食🎁,135,1,1,1,2,2024-02-29 11:59:11,2025-05-08 23:57:54
80652,316013,0,联系门店,134,1,1,1,3,2024-02-29 11:59:36,2025-05-08 23:57:49
4234,7922,0,超值套餐,23,1,1,1,17,2020-09-10 22:30:31,2020-09-19 02:43:16
4234,7923,0,日式盖饭,22,1,1,1,11,2020-09-10 22:30:52,2020-09-19 02:43:14
4234,8091,0,拉面/乌冬面,21,1,1,1,10,2020-09-11 20:43:46,2024-12-05 12:43:03
4234,7915,0,炙烧系列,20,1,1,1,17,2020-09-10 22:28:44,2020-09-19 02:43:00
4234,7916,0,焦糖系列,19,1,1,1,12,2020-09-10 22:28:57,2020-09-19 02:42:59
4234,7917,0,军舰系列,18,1,1,1,13,2020-09-10 22:29:06,2020-09-19 02:42:57
4234,7918,0,手握系列,17,1,1,1,13,2020-09-10 22:29:17,2020-09-19 02:42:55
4234,7919,0,卷物系列,16,1,1,1,18,2020-09-10 22:29:39,2020-09-19 02:42:54
4234,7920,0,日式手卷,15,1,1,1,4,2020-09-10 22:29:48,2020-09-19 02:42:53
4234,7921,0,黄金船系列,14,1,1,1,3,2020-09-10 22:30:18,2020-09-19 02:42:52
4234,8092,0,煎饺 /法式烤饼,13,1,1,1,3,2020-09-11 20:43:57,2024-12-09 09:13:44
4234,8509,0,日式雪媚娘/巴斯克,9,1,1,1,7,2020-09-15 16:18:51,2024-11-14 20:28:39
4234,196348,0,饮品,0,1,1,1,2,2023-05-22 15:57:24,2024-09-27 11:37:56
4234,8867,0,三文鱼及其他净食,0,1,1,1,6,2020-09-18 16:38:16,2025-04-25 17:15:19
4234,8093,0,拼盘组合,0,1,1,1,3,2020-09-11 20:44:42,2020-09-11 20:44:42
54348,170312,0,精选套餐Set Menu,47,1,1,1,4,2023-03-25 13:02:29,2025-10-04 11:52:05
54348,170310,0,主食Staple Food,46,1,1,1,10,2023-03-25 12:49:07,2025-10-04 11:51:59
54348,169631,0,新意式风味咖啡,45,1,1,1,10,2023-03-23 10:32:35,2025-10-04 11:51:57
54348,169654,0,特调茶饮Special Blended,44,1,1,1,15,2023-03-23 10:59:04,2025-08-28 11:22:40
54348,327300,0,奶盖特调饮品推荐,41,1,1,1,2,2024-11-20 16:43:11,2025-05-06 16:51:55
54348,317726,0,爆款甜品,38,1,1,1,4,2024-03-26 13:08:27,2024-03-26 13:08:52
54348,280355,0,奶茶 热饮系列Milky tea,32,1,1,1,7,2023-11-06 13:59:42,2023-11-18 17:31:11
54348,278668,0,滑蛋饭系列Egg rice series,25,1,1,1,5,2023-11-02 18:49:23,2023-11-14 14:15:13
54348,278670,0,意粉系列Spaghetti series,24,1,1,1,5,2023-11-02 18:50:20,2023-11-14 14:16:04
54348,278669,0,热压三文治系列sandwich,20,1,1,1,2,2023-11-02 18:49:50,2023-11-14 14:17:25
54348,170311,0,小吃Snack,16,1,1,1,6,2023-03-25 12:58:16,2023-11-02 18:53:51
54348,169655,0,冰沙Smoothie,8,1,1,1,12,2023-03-23 10:59:13,2023-03-25 16:37:42
54348,170302,0,全日餐Brunch,5,1,1,1,3,2023-03-25 12:40:45,2024-10-19 12:01:56
54348,170300,0,沙拉Salad,4,1,1,1,2,2023-03-25 12:26:56,2024-10-19 12:01:53
80817,321893,0,冰博克鲜奶茶,6,1,1,1,8,2024-09-05 14:57:31,2024-09-05 17:53:16
80817,321897,0,原叶清茶,1,1,1,1,3,2024-09-05 14:59:04,2024-09-05 17:14:44
80817,321899,0,元气小料,0,1,1,1,1,2024-09-05 17:14:59,2024-09-05 17:14:59
82043,328093,0,关东煮系列,47,1,1,1,21,2024-12-03 10:45:49,2024-12-10 11:53:11
82043,328195,0,饮品类,46,1,1,1,203,2024-12-05 21:48:51,2024-12-10 11:53:07
82043,328094,0,热烤系列,46,1,1,1,7,2024-12-03 10:46:00,2024-12-11 11:52:27
82043,328198,0,冷藏果汁,44,1,1,1,43,2024-12-05 21:49:00,2024-12-10 11:52:54
82043,328123,0,奶类,43,1,1,1,55,2024-12-03 14:54:31,2024-12-10 11:52:49
82043,328056,0,三文治系列,40,1,1,1,6,2024-12-01 17:59:54,2024-12-09 13:39:49
82043,328095,0,饭团系列,39,1,1,1,13,2024-12-03 10:46:09,2024-12-09 13:40:51
82043,328091,0,汉堡贝果系列,38,1,1,1,4,2024-12-03 10:45:28,2024-12-09 13:41:00
82043,328119,0,蒸包点心系列,37,1,1,1,14,2024-12-03 14:52:18,2024-12-09 13:42:52
82043,328120,0,粉面饭轻食系列,36,1,1,1,8,2024-12-03 14:53:19,2024-12-09 13:57:18
82043,328089,0,热饮系列,35,1,1,1,2,2024-12-03 10:28:42,2024-12-09 13:41:56
82043,328092,0,鱼丸系列,12,1,1,1,7,2024-12-03 10:45:39,2024-12-09 13:38:49
82043,328197,0,冷藏茶咖啡系列,11,1,1,1,2,2024-12-05 21:48:59,2024-12-09 14:01:37
82043,328122,0,面包蛋糕系列,11,1,1,1,55,2024-12-03 14:54:11,2024-12-09 13:59:52
82043,328121,0,甜品系列,10,1,1,1,2,2024-12-03 14:53:47,2024-12-09 14:00:04
82043,328304,0,必选品,0,1,1,1,1,2024-12-10 16:13:14,2024-12-10 16:13:42
4257,44609,0,吃早餐啦,115,1,1,1,4,2021-07-30 23:50:53,2025-12-13 19:19:49
4257,316396,0,早餐全麦麦芬系列,114,1,1,1,6,2024-03-01 16:51:12,2025-12-13 19:19:47
4257,7842,0,经典热压三明治,113,1,1,1,5,2020-09-10 14:51:12,2025-12-13 19:19:37
4257,106376,0,现烤流心飞碟,110,1,1,1,12,2022-08-03 09:12:41,2025-12-13 19:19:27
4257,44607,0,贝果汉堡,103,1,1,1,11,2021-07-30 23:49:35,2025-12-13 19:18:45
4257,330360,0,轻体贝果午餐盒,97,1,1,1,5,2025-03-06 19:37:46,2025-03-12 20:00:45
4257,327070,0,中式熟轻食糙米饭,95,1,1,1,3,2024-11-12 23:22:10,2025-12-13 19:05:33
4257,319863,0,潜艇堡/能量碗,91,1,1,1,7,2024-08-13 13:10:30,2025-07-30 19:35:44
4257,44610,0,人气特惠套餐,87,1,1,1,5,2021-07-30 23:59:57,2024-03-02 20:21:28
4257,44438,0,咖啡鲜奶饮品,65,1,1,1,12,2021-07-27 20:27:33,2025-12-13 19:06:53
4257,99537,0,加料区,58,1,1,1,6,2022-06-21 19:24:09,2023-08-05 20:41:44
4257,70912,0,小食,29,1,1,1,2,2022-02-12 12:49:28,2023-06-18 13:19:40
81199,321018,0,刚刚看过,0,1,1,1,1,2024-08-29 16:28:36,2024-08-29 16:28:36
81199,321017,0,优惠,0,1,1,1,2,2024-08-29 16:28:36,2024-08-29 16:28:36
81199,321016,0,经典必吃,0,1,1,1,3,2024-08-29 16:28:36,2024-08-29 16:28:36
81199,321015,0,环保包装盒,0,1,1,1,2,2024-08-29 16:28:36,2024-08-29 16:28:36
81199,321014,0,麻辣拌 必点口味,0,1,1,1,4,2024-08-29 16:28:36,2024-08-29 16:28:36
81199,321013,0,新鲜蘑菇类,0,1,1,1,4,2024-08-29 16:28:35,2024-08-29 16:28:35
81199,321012,0,青菜,0,1,1,1,19,2024-08-29 16:28:35,2024-08-29 16:28:35
81199,321011,0,主食面,0,1,1,1,11,2024-08-29 16:28:34,2024-08-29 16:28:34
81199,321010,0,麻辣香锅必点锅底,0,1,1,1,4,2024-08-29 16:28:34,2024-08-29 16:28:34
81199,321009,0,麻辣烫 汤底必点,0,1,1,1,5,2024-08-29 16:28:34,2024-08-29 16:28:34
81199,321008,0,肉类,0,1,1,1,37,2024-08-29 16:28:32,2024-08-29 16:28:32
81199,321007,0,豆制品,0,1,1,1,9,2024-08-29 16:28:32,2024-08-29 16:28:32
67443,237850,0,咸面包,21,1,1,1,3,2023-09-05 11:49:35,2023-09-05 14:38:55
67443,237848,0,甜面包,20,1,1,1,6,2023-09-05 11:49:35,2023-09-05 14:38:43
67443,237853,0,人气小蛋糕,17,1,1,1,2,2023-09-05 11:49:36,2023-09-05 14:38:29
67443,237852,0,冷餐小西点,8,1,1,1,3,2023-09-05 11:49:36,2023-09-05 14:37:42
67443,237847,0,蛋糕（提前一天预定）,0,1,1,1,69,2023-09-05 11:49:35,2023-09-05 11:49:35
4232,11482,0,早餐预定,97,1,1,1,35,2020-10-17 21:00:22,2025-09-15 18:33:01
4232,316250,0,新品早餐卷饼（全天都可以点）,96,1,1,1,6,2024-02-29 16:31:05,2025-12-23 05:16:05
4232,319855,0,早餐方蛋三明治,95,1,1,1,7,2024-08-10 12:26:43,2025-12-23 05:14:41
4232,319856,0,早餐玉米粒三明治,94,1,1,1,7,2024-08-10 12:27:05,2025-12-23 05:15:09
4232,7759,0,天天特惠套餐,90,1,1,1,5,2020-09-09 23:27:19,2024-02-29 17:26:07
4232,7760,0,人气三明治,85,1,1,1,19,2020-09-09 23:27:44,2024-01-12 14:41:11
4232,64119,0,新品区,83,1,1,1,6,2021-12-02 10:05:04,2023-12-07 10:43:42
4232,146998,0,热烤三明治,79,1,1,1,3,2023-01-07 11:49:00,2023-01-07 11:49:23
4232,64966,0,热烤能量碗,77,1,1,1,4,2021-12-04 15:26:03,2025-11-30 07:55:27
4232,64957,0,小于400大卡,69,1,1,1,4,2021-12-04 14:49:03,2021-12-04 14:49:35
4232,7827,0,沙拉,54,1,1,1,6,2020-09-10 13:38:03,2021-07-29 10:00:15
4232,7826,0,卷饼,53,1,1,1,12,2020-09-10 13:37:55,2025-12-23 05:15:38
4232,7821,0,潜艇堡咖啡奶茶套餐,50,1,1,1,6,2020-09-10 13:36:42,2021-07-29 21:46:28
4232,8090,0,加料区,35,1,1,1,9,2020-09-11 20:36:08,2021-04-26 20:22:01
4232,7829,0,小食,31,1,1,1,3,2020-09-10 13:38:25,2021-04-26 20:21:48
4232,7831,0,饮料和咖啡,10,1,1,1,9,2020-09-10 13:38:41,2023-01-07 12:26:54
86034,352185,0,牛油果酸奶昔,22,1,1,1,2,2026-04-16 12:48:51,2026-04-16 12:49:20
86034,351339,0,超级果蔬·膳食纤维,20,1,1,1,5,2026-03-23 17:06:40,2026-03-23 23:04:44
86034,351340,0,原叶·轻乳茶,18,1,1,1,5,2026-03-23 17:07:09,2026-03-23 23:04:31
86034,351342,0,原叶·多料真乳茶,17,1,1,1,3,2026-03-23 17:09:05,2026-03-23 23:04:25
86034,351341,0,真果·多肉果茶,16,1,1,1,10,2026-03-23 17:08:31,2026-03-23 23:04:16
86034,351344,0,解渴·好爽,15,1,1,1,3,2026-03-23 17:09:29,2026-03-23 23:04:10
86034,351345,0,经典·多料奶茶,14,1,1,1,4,2026-03-23 17:10:02,2026-03-23 23:04:03
86034,351347,0,零食,13,1,1,1,7,2026-03-23 17:10:50,2026-03-23 23:03:54
86034,351346,0,小料专区,12,1,1,1,11,2026-03-23 17:10:22,2026-03-23 23:03:48
82474,332498,0,重要通知 ✉️,99,1,1,1,4,2025-03-31 17:06:26,2025-03-31 19:32:16
82474,345859,0,经典🍱简餐Classic flavor,95,1,1,1,10,2025-12-25 03:39:46,2025-12-25 03:50:40
82474,345860,0,放纵餐🍢Delicious,94,1,1,1,3,2025-12-25 03:48:26,2025-12-25 03:50:45
82474,345861,0,EASY便当🍱,89,1,1,1,5,2025-12-25 03:48:56,2025-12-25 03:50:34
82474,334239,0,猪扒🐽Series,87,1,1,1,2,2025-05-04 00:23:22,2025-05-04 01:16:29
82474,334242,0,牛排🥩Series,86,1,1,1,1,2025-05-04 00:24:20,2025-05-04 01:16:39
82474,334241,0,鸡腿🍗Series,85,1,1,1,2,2025-05-04 00:24:03,2025-05-04 01:16:54
82474,334240,0,鸡胸💪🏻Series,84,1,1,1,2,2025-05-04 00:23:35,2025-05-04 01:17:03
82474,334243,0,滑蛋🍳Series,83,1,1,1,2,2025-05-04 00:29:12,2025-05-04 01:17:11
82474,334245,0,荞麦面🍜Series,81,1,1,1,1,2025-05-04 00:36:37,2025-05-04 01:17:22
82474,332496,0,DIY 🥗 加料,79,1,1,1,0,2025-03-31 17:05:35,2025-05-04 01:17:45
82474,334738,0,自选酱料🧂,0,1,1,1,6,2025-05-19 01:30:56,2025-12-25 03:50:16
84862,344257,0,🫶🏻,0,1,1,1,4,2025-11-04 00:38:50,2025-11-04 00:38:50
84862,344047,0,芝士蛋糕🧀,0,1,1,1,16,2025-10-31 23:52:26,2025-10-31 23:52:26
84862,344045,0,焦糖布丁🍮,0,1,1,1,3,2025-10-31 23:51:51,2025-10-31 23:51:51
84862,344044,0,抹茶🍃,0,1,1,1,4,2025-10-31 23:50:52,2025-10-31 23:50:52
84862,344043,0,气泡or椰子水,0,1,1,1,3,2025-10-31 23:50:29,2025-10-31 23:50:29
50293,188278,0,新品上市,13,1,1,1,17,2023-05-04 15:59:13,2024-09-02 00:52:26
50293,263356,0,0茶区,12,1,1,1,2,2023-10-10 09:51:02,2023-10-10 09:51:11
50293,188277,0,花果奶茶,8,1,1,1,1,2023-05-04 15:59:05,2023-08-29 14:22:42
50293,188276,0,奶茶自由配,7,1,1,1,4,2023-05-04 15:58:53,2023-08-29 14:22:35
50293,188275,0,好茶自由配,6,1,1,1,3,2023-05-04 15:58:42,2023-08-29 14:22:32
50293,230607,0,点牛乳,5,1,1,1,3,2023-08-29 14:19:21,2023-08-29 14:21:06
50293,188273,0,点口感,3,1,1,1,4,2023-05-04 15:58:22,2023-08-29 14:22:10
50293,188272,0,点果茶,2,1,1,1,1,2023-05-04 15:58:12,2023-08-29 14:22:02
50293,188252,0,加小料,1,1,1,1,5,2023-05-04 14:59:11,2023-08-29 14:21:55
20654,242728,0,客服,9,1,1,1,2,2023-09-11 09:20:06,2023-10-16 00:30:03
20654,241282,0,洗鞋,8,1,1,1,3,2023-09-09 19:09:01,2023-10-16 00:30:20
20654,241323,0,洗衣,7,1,1,1,5,2023-09-09 20:15:00,2023-10-16 00:30:34
20654,244146,0,球鞋修复,6,1,1,1,2,2023-09-13 06:03:07,2023-10-16 00:31:00
20654,267133,0,会员特权,0,1,1,1,1,2023-10-15 17:32:30,2023-10-16 00:10:59
20654,267132,0,会员充值,0,1,1,1,3,2023-10-15 17:30:55,2023-10-15 17:30:55
20654,241358,0,皮衣/皮具,0,1,1,1,1,2023-09-09 20:50:36,2023-09-09 20:50:36
20654,241357,0,书包/毛绒公仔,0,1,1,1,1,2023-09-09 20:47:01,2023-09-09 20:47:01
20654,241338,0,床品/被褥,0,1,1,1,3,2023-09-09 20:36:08,2023-09-11 09:30:10
4263,335905,0,客家小炒,23,1,1,1,11,2025-08-28 19:19:45,2025-08-28 19:40:28
4263,331516,0,🤤🤤必点❗️,19,1,1,1,3,2025-03-20 15:04:40,2025-08-28 20:29:49
4263,331662,0,主食,6,1,1,1,2,2025-03-22 10:57:40,2025-08-30 17:32:43
83296,336367,0,推荐,11,1,1,1,10,2025-09-03 16:29:52,2026-03-22 23:02:18
83296,335987,0,清爽果茶,10,1,1,1,13,2025-08-30 15:26:24,2025-09-08 20:24:55
83296,335992,0,现煮奶茶,6,1,1,1,7,2025-08-30 15:33:08,2025-08-30 15:36:14
83296,335990,0,轻乳系列,4,1,1,1,4,2025-08-30 15:32:09,2025-08-30 15:36:02
83296,336364,0,鲜冰淇淋,0,1,1,1,5,2025-09-03 16:29:49,2025-09-03 16:29:49
83296,336363,0,鲜萃咖啡,0,1,1,1,4,2025-09-03 16:29:49,2025-09-03 16:29:49
83296,336362,0,纯茶奶盖,0,1,1,1,6,2025-09-03 16:29:47,2025-09-03 16:29:47
83296,336361,0,零食周边,0,1,1,1,4,2025-09-03 16:29:46,2025-09-03 16:29:46
83296,336360,0,加点小料,0,1,1,1,6,2025-09-03 16:29:46,2025-09-03 16:29:46
83294,335934,0,惊喜福利,13,1,1,1,2,2025-08-29 14:46:23,2025-09-19 10:18:04
83294,335933,0,招牌套餐,12,1,1,1,3,2025-08-29 14:46:23,2025-09-19 10:18:02
83294,335932,0,吐司优选,10,1,1,1,11,2025-08-29 14:46:22,2025-09-19 10:17:56
83294,335928,0,全麦贝果,7,1,1,1,9,2025-08-29 14:46:21,2025-10-04 12:32:50
83294,335931,0,黄油美式汉堡,6,1,1,1,8,2025-08-29 14:46:22,2025-09-19 10:17:39
83294,340126,0,休闲小吃,0,1,1,1,4,2025-09-19 10:17:11,2025-09-19 10:17:11
83294,335921,0,脆脆吐司,0,1,1,1,1,2025-08-29 14:46:17,2025-09-19 10:14:57
83294,335919,0,加料区,0,1,1,1,12,2025-08-29 14:46:16,2025-09-09 15:52:07
83294,335916,0,口味必选,0,1,1,1,4,2025-08-29 14:46:16,2025-09-12 23:41:10
83415,348012,0,1级,0,1,1,1,1,2026-03-04 15:31:50,2026-03-04 15:31:50
86079,351867,0,和风拉面,0,1,1,1,16,2026-03-31 20:50:47,2026-04-01 08:53:15
81314,322076,0,汤饭,2,1,1,1,17,2024-09-08 15:39:36,2024-09-20 03:10:27
81314,323617,0,汤河粉/汤米粉,0,1,1,1,17,2024-09-20 17:23:51,2024-09-20 22:42:09
81314,321971,0,加料,0,1,1,1,15,2024-09-06 14:55:19,2024-09-06 14:55:19
